"bmi","age","sex","smoking","physical_activity","short_sleep","hypertension","Predicted_probability","Lower_95CI","Upper_95CI"
16.7,48.2875,"Female","Non-smoker",5.889625,0,"No",0.000834001125370442,2.58653735777462e-05,0.0262291819918737
16.7773869346734,48.2875,"Female","Non-smoker",5.889625,0,"No",0.000899710714786938,3.02392534421874e-05,0.0261162335983958
16.8547738693467,48.2875,"Female","Non-smoker",5.889625,0,"No",0.000970394855377403,3.53299143273611e-05,0.0260097942008575
16.9321608040201,48.2875,"Female","Non-smoker",5.889625,0,"No",0.0010463921132588,4.1248575840507e-05,0.0259101786903116
17.0095477386935,48.2875,"Female","Non-smoker",5.889625,0,"No",0.00112805907576012,4.81222170765037e-05,0.0258177126057231
17.0869346733668,48.2875,"Female","Non-smoker",5.889625,0,"No",0.00121577069479214,5.60954726806068e-05,0.025732733712334
17.1643216080402,48.2875,"Female","Non-smoker",5.889625,0,"No",0.00130992055364843,6.53326830134884e-05,0.0256555937219111
17.2417085427136,48.2875,"Female","Non-smoker",5.889625,0,"No",0.00141092104476658,7.6020093924026e-05,0.0255866601686094
17.3190954773869,48.2875,"Female","Non-smoker",5.889625,0,"No",0.00151920344508777,8.83681964957105e-05,0.0255263184555238
17.3964824120603,48.2875,"Female","Non-smoker",5.889625,0,"No",0.00163521787478484,0.000102614190794634,0.02547497408837
17.4738693467337,48.2875,"Female","Non-smoker",5.889625,0,"No",0.00175943312430283,0.00011902454996926,0.0254330551141051
17.551256281407,48.2875,"Female","Non-smoker",5.889625,0,"No",0.00189233633388621,0.000137897651903056,0.0254010147836127
17.6286432160804,48.2875,"Female","Non-smoker",5.889625,0,"No",0.00203443250907664,0.000159566434889437,0.0253793344587658
17.7060301507538,48.2875,"Female","Non-smoker",5.889625,0,"No",0.00218624385507413,0.000184401021406971,0.0253685267851407
17.7834170854271,48.2875,"Female","Non-smoker",5.889625,0,"No",0.0023483089123883,0.000212811239995272,0.0253691391522478
17.8608040201005,48.2875,"Female","Non-smoker",5.889625,0,"No",0.00252118147589018,0.000245248959514688,0.0253817574631851
17.9381909547739,48.2875,"Female","Non-smoker",5.889625,0,"No",0.00270542927923683,0.000282210132860958,0.0254070102348567
18.0155778894472,48.2875,"Female","Non-smoker",5.889625,0,"No",0.00290163242670939,0.00032423642877475,0.0254455730480072
18.0929648241206,48.2875,"Female","Non-smoker",5.889625,0,"No",0.00311038155481136,0.000371916311178363,0.0254981733628783
18.170351758794,48.2875,"Female","Non-smoker",5.889625,0,"No",0.00333227570654692,0.000425885406140098,0.0255655957107526
18.2477386934673,48.2875,"Female","Non-smoker",5.889625,0,"No",0.00356791990217199,0.000486825978020148,0.0256486872633189
18.3251256281407,48.2875,"Female","Non-smoker",5.889625,0,"No",0.00381792239141229,0.000555465319805865,0.0257483637698094
18.4025125628141,48.2875,"Female","Non-smoker",5.889625,0,"No",0.00408289157370361,0.000632572849670563,0.0258656158351594
18.4798994974874,48.2875,"Female","Non-smoker",5.889625,0,"No",0.00436343257495638,0.000718955698360174,0.0260015154897393
18.5572864321608,48.2875,"Female","Non-smoker",5.889625,0,"No",0.00466014347170452,0.000815452572527736,0.0261572229709906
18.6346733668342,48.2875,"Female","Non-smoker",5.889625,0,"No",0.00497361115628843,0.00092292569043231,0.0263339935978327
18.7120603015075,48.2875,"Female","Non-smoker",5.889625,0,"No",0.00530440683995919,0.00104225061172676,0.0265331845681002
18.7894472361809,48.2875,"Female","Non-smoker",5.889625,0,"No",0.00565308119448632,0.00117430382589673,0.0267562614455624
18.8668341708543,48.2875,"Female","Non-smoker",5.889625,0,"No",0.0060201591370071,0.00131994802788733,0.0270048040244497
18.9442211055276,48.2875,"Female","Non-smoker",5.889625,0,"No",0.00640613426746686,0.00148001509792473,0.0272805111644948
19.021608040201,48.2875,"Female","Non-smoker",5.889625,0,"No",0.00681146297305172,0.00165528691812435,0.0275852040778218
19.0989949748744,48.2875,"Female","Non-smoker",5.889625,0,"No",0.00723655821948266,0.00184647430234972,0.0279208274216421
19.1763819095477,48.2875,"Female","Non-smoker",5.889625,0,"No",0.00768178305488882,0.00205419448677919,0.0282894474110986
19.2537688442211,48.2875,"Female","Non-smoker",5.889625,0,"No",0.00814744385815555,0.00227894782215109,0.0286932460214833
19.3311557788945,48.2875,"Female","Non-smoker",5.889625,0,"No",0.00863378337009415,0.00252109451550266,0.0291345102096032
19.4085427135678,48.2875,"Female","Non-smoker",5.889625,0,"No",0.00914097355242746,0.00278083247455653,0.0296156149666853
19.4859296482412,48.2875,"Female","Non-smoker",5.889625,0,"No",0.0096691083263425,0.00305817749064054,0.0301389989420304
19.5633165829146,48.2875,"Female","Non-smoker",5.889625,0,"No",0.0102181962491328,0.00335294712904884,0.0307071313750543
19.6407035175879,48.2875,"Female","Non-smoker",5.889625,0,"No",0.0107881531941223,0.00366474974759888,0.0313224691742463
19.7180904522613,48.2875,"Female","Non-smoker",5.889625,0,"No",0.011378795105515,0.00399298000249367,0.0319874032155491
19.7954773869347,48.2875,"Female","Non-smoker",5.889625,0,"No",0.0119898309059125,0.00433682199783006,0.0327041933244265
19.872864321608,48.2875,"Female","Non-smoker",5.889625,0,"No",0.0126208556398551,0.00469526087549931,0.0334748919668637
19.9502512562814,48.2875,"Female","Non-smoker",5.889625,0,"No",0.0132713439417225,0.00506710312979806,0.0343012573951298
20.0276381909548,48.2875,"Female","Non-smoker",5.889625,0,"No",0.0139406439205425,0.00545100529580559,0.0351846578373282
20.1050251256281,48.2875,"Female","Non-smoker",5.889625,0,"No",0.0146279715575423,0.00584550996075523,0.0361259692191595
20.1824120603015,48.2875,"Female","Non-smoker",5.889625,0,"No",0.0153324057145284,0.00624908736567356,0.0371254697703665
20.2597989949749,48.2875,"Female","Non-smoker",5.889625,0,"No",0.0160528838522328,0.00666018029551518,0.0381827355922658
20.3371859296482,48.2875,"Female","Non-smoker",5.889625,0,"No",0.0167881985575354,0.00707724958981342,0.0392965417468437
20.4145728643216,48.2875,"Female","Non-smoker",5.889625,0,"No",0.017536994976839,0.00749881750727182,0.0404647735978588
20.491959798995,48.2875,"Female","Non-smoker",5.889625,0,"No",0.0182977692497711,0.00792350636978337,0.0416843529587821
20.5693467336683,48.2875,"Female","Non-smoker",5.889625,0,"No",0.0190688680327468,0.00835007036771709,0.0429511831007094
20.6467336683417,48.2875,"Female","Non-smoker",5.889625,0,"No",0.0198484891957353,0.00877741905761701,0.0442601159123231
20.7241206030151,48.2875,"Female","Non-smoker",5.889625,0,"No",0.0206346837678025,0.00920463182498346,0.0456049435822939
20.8015075376884,48.2875,"Female","Non-smoker",5.889625,0,"No",0.0214253591977044,0.00963096331055094,0.046978416201257
20.8788944723618,48.2875,"Female","Non-smoker",5.889625,0,"No",0.0222182839850231,0.0100558404151024,0.0483722857533064
20.9562814070352,48.2875,"Female","Non-smoker",5.889625,0,"No",0.0230110937251609,0.0104788519424342,0.0497773761561397
21.0336683417085,48.2875,"Female","Non-smoker",5.889625,0,"No",0.0238012985980492,0.0108997321863821,0.0511836783510967
21.1110552763819,48.2875,"Female","Non-smoker",5.889625,0,"No",0.024586292315848,0.0113183398233194,0.0525804689445601
21.1884422110553,48.2875,"Female","Non-smoker",5.889625,0,"No",0.0253633625293482,0.0117346333680405,0.0539564505430255
21.2658291457286,48.2875,"Female","Non-smoker",5.889625,0,"No",0.0261297026764607,0.0121486442326769,0.0552999116765591
21.343216080402,48.2875,"Female","Non-smoker",5.889625,0,"No",0.0268824252392686,0.0125604481410189,0.0565989040386272
21.4206030150754,48.2875,"Female","Non-smoker",5.889625,0,"No",0.0276185763588587,0.0129701353338691,0.0578414346589747
21.4979899497487,48.2875,"Female","Non-smoker",5.889625,0,"No",0.0283351517397584,0.0133777796840926,0.0590156705534078
21.5753768844221,48.2875,"Female","Non-smoker",5.889625,0,"No",0.029029113758511,0.0137834065411228,0.0601101533516622
21.6527638190955,48.2875,"Female","Non-smoker",5.889625,0,"No",0.0296974096739501,0.0141869588527597,0.0611140213903122
21.7301507537688,48.2875,"Female","Non-smoker",5.889625,0,"No",0.0303369908203073,0.0145882608696503,0.0620172367737774
21.8075376884422,48.2875,"Female","Non-smoker",5.889625,0,"No",0.0309448326485978,0.014986978524651,0.0628108149549239
21.8849246231156,48.2875,"Female","Non-smoker",5.889625,0,"No",0.0315179554669892,0.0153825753963671,0.0634870544662012
21.9623115577889,48.2875,"Female","Non-smoker",5.889625,0,"No",0.0320536642183128,0.0157742586015321,0.0640406258340869
22.0396984924623,48.2875,"Female","Non-smoker",5.889625,0,"No",0.0325509766414336,0.0161609131761895,0.0644741789270294
22.1170854271357,48.2875,"Female","Non-smoker",5.889625,0,"No",0.0330098391842826,0.0165411318647494,0.0647948618323993
22.194472361809,48.2875,"Female","Non-smoker",5.889625,0,"No",0.0334304421322322,0.016913246774796,0.0650113539120394
22.2718592964824,48.2875,"Female","Non-smoker",5.889625,0,"No",0.0338132048491021,0.017275348176385,0.0651335979717548
22.3492462311558,48.2875,"Female","Non-smoker",5.889625,0,"No",0.0341587627201101,0.0176253106773837,0.0651725361227871
22.4266331658291,48.2875,"Female","Non-smoker",5.889625,0,"No",0.0344679530247874,0.0179608285258814,0.0651398411384842
22.5040201005025,48.2875,"Female","Non-smoker",5.889625,0,"No",0.034741800004643,0.0182794615881257,0.0650476466225013
22.5814070351759,48.2875,"Female","Non-smoker",5.889625,0,"No",0.0349814993794809,0.0185786931877355,0.0649082788681299
22.6587939698492,48.2875,"Female","Non-smoker",5.889625,0,"No",0.0351884025525854,0.0188560003360507,0.0647339931468936
22.7361809045226,48.2875,"Female","Non-smoker",5.889625,0,"No",0.0353640007290775,0.0191089358992709,0.0645367173763415
22.813567839196,48.2875,"Female","Non-smoker",5.889625,0,"No",0.0355099091541814,0.0193352209457821,0.0643278066902719
22.8909547738693,48.2875,"Female","Non-smoker",5.889625,0,"No",0.0356278516594333,0.0195328439784069,0.0641178133024706
22.9683417085427,48.2875,"Female","Non-smoker",5.889625,0,"No",0.0357196456855103,0.0197001621527314,0.0639162770571917
23.0457286432161,48.2875,"Female","Non-smoker",5.889625,0,"No",0.0357871879307598,0.0198359981741737,0.0637315429439468
23.1231155778894,48.2875,"Female","Non-smoker",5.889625,0,"No",0.0358324407550764,0.0199397256688865,0.063570612309752
23.2005025125628,48.2875,"Female","Non-smoker",5.889625,0,"No",0.0358574194498211,0.0200113357408613,0.0634390342268386
23.2778894472362,48.2875,"Female","Non-smoker",5.889625,0,"No",0.035864180466295,0.0200514783603779,0.0633408422665353
23.3552763819095,48.2875,"Female","Non-smoker",5.889625,0,"No",0.0358548106781247,0.0200614741879107,0.0632785397767433
23.4326633165829,48.2875,"Female","Non-smoker",5.889625,0,"No",0.0358314177369634,0.0200432951986836,0.0632531338799606
23.5100502512563,48.2875,"Female","Non-smoker",5.889625,0,"No",0.0357961215663545,0.0199995156033746,0.0632642152272228
23.5874371859296,48.2875,"Female","Non-smoker",5.889625,0,"No",0.0357510470255455,0.0199332375176339,0.0633100775949552
23.664824120603,48.2875,"Female","Non-smoker",5.889625,0,"No",0.0356983177635848,0.0198479981071258,0.0633878691979228
23.7422110552764,48.2875,"Female","Non-smoker",5.889625,0,"No",0.0356400512742562,0.019747666180761,0.063493766448495
23.8195979899497,48.2875,"Female","Non-smoker",5.889625,0,"No",0.0355783551543347,0.0196363363174672,0.0636231609171483
23.8969849246231,48.2875,"Female","Non-smoker",5.889625,0,"No",0.0355153245613203,0.0195182277215165,0.0637708513038065
23.9743718592965,48.2875,"Female","Non-smoker",5.889625,0,"No",0.0354530408622188,0.0193975934027834,0.0639312340133612
24.0517587939698,48.2875,"Female","Non-smoker",5.889625,0,"No",0.0353935714620918,0.019278643328685,0.0640984880795479
24.1291457286432,48.2875,"Female","Non-smoker",5.889625,0,"No",0.0353389707999771,0.0191654832201011,0.0642667523703855
24.2065326633166,48.2875,"Female","Non-smoker",5.889625,0,"No",0.0352912825003598,0.0190620688985712,0.0644302950005937
24.28391959799,48.2875,"Female","Non-smoker",5.889625,0,"No",0.0352525426706423,0.01897217465798,0.0645836765519296
24.3613065326633,48.2875,"Female","Non-smoker",5.889625,0,"No",0.0352245889022886,0.0188991244789313,0.064722025303866
24.4386934673367,48.2875,"Female","Non-smoker",5.889625,0,"No",0.0352077811686963,0.0188441144336027,0.0648420838048773
24.51608040201,48.2875,"Female","Non-smoker",5.889625,0,"No",0.0352018106503203,0.0188071745005169,0.0649421043538694
24.5934673366834,48.2875,"Female","Non-smoker",5.889625,0,"No",0.0352063750134409,0.0187880620182601,0.0650213949630512
24.6708542713568,48.2875,"Female","Non-smoker",5.889625,0,"No",0.0352211810635799,0.0187863140569964,0.065080172932596
24.7482412060302,48.2875,"Female","Non-smoker",5.889625,0,"No",0.035245943905843,0.0188012849285658,0.0651194367490684
24.8256281407035,48.2875,"Female","Non-smoker",5.889625,0,"No",0.0352803861393443,0.0188321753384089,0.0651408519247653
24.9030150753769,48.2875,"Female","Non-smoker",5.889625,0,"No",0.0353242370835991,0.0188780550586236,0.065146648508988
24.9804020100502,48.2875,"Female","Non-smoker",5.889625,0,"No",0.0353772320349568,0.0189378807877078,0.0651395282829243
25.0577889447236,48.2875,"Female","Non-smoker",5.889625,0,"No",0.0354391115513035,0.0190105106573635,0.0651225799054306
25.135175879397,48.2875,"Female","Non-smoker",5.889625,0,"No",0.0355096207634339,0.0190947166594523,0.0650992005019597
25.2125628140704,48.2875,"Female","Non-smoker",5.889625,0,"No",0.0355885087116354,0.0191891960967567,0.0650730223863782
25.2899497487437,48.2875,"Female","Non-smoker",5.889625,0,"No",0.0356755277061769,0.019292583004247,0.0650478437835527
25.3673366834171,48.2875,"Female","Non-smoker",5.889625,0,"No",0.0357704327105305,0.0194034603350119,0.0650275625897098
25.4447236180904,48.2875,"Female","Non-smoker",5.889625,0,"No",0.0358729807462855,0.0195203735480738,0.065016112378436
25.5221105527638,48.2875,"Female","Non-smoker",5.889625,0,"No",0.03598293031884,0.0196418460659692,0.0650174000423875
25.5994974874372,48.2875,"Female","Non-smoker",5.889625,0,"No",0.0361000408630748,0.0197663968824945,0.065035244661364
25.6768844221106,48.2875,"Female","Non-smoker",5.889625,0,"No",0.03622407220833,0.019892560393279,0.0650733174095199
25.7542713567839,48.2875,"Female","Non-smoker",5.889625,0,"No",0.0363547840621134,0.0200189082965647,0.0651350825561983
25.8316582914573,48.2875,"Female","Non-smoker",5.889625,0,"No",0.0364919355120764,0.0201440731771121,0.0652237398683612
25.9090452261307,48.2875,"Female","Non-smoker",5.889625,0,"No",0.0366352845458931,0.0202667731566045,0.0653421689740705
25.986432160804,48.2875,"Female","Non-smoker",5.889625,0,"No",0.0367845875887775,0.0203858367882833,0.0654928764770828
26.0638190954774,48.2875,"Female","Non-smoker",5.889625,0,"No",0.0369395990584618,0.0205002272135785,0.0656779468004717
26.1412060301508,48.2875,"Female","Non-smoker",5.889625,0,"No",0.037100070937556,0.0206090645056281,0.0658989978606292
26.2185929648241,48.2875,"Female","Non-smoker",5.889625,0,"No",0.0372657523632861,0.0207116451159736,0.0661571427143498
26.2959798994975,48.2875,"Female","Non-smoker",5.889625,0,"No",0.0374363892346958,0.0208074574254498,0.0664529582713586
26.3733668341709,48.2875,"Female","Non-smoker",5.889625,0,"No",0.0376117238374722,0.0208961925763731,0.0667864620237763
26.4507537688442,48.2875,"Female","Non-smoker",5.889625,0,"No",0.0377914944866326,0.0209777500164257,0.0671570975259912
26.5281407035176,48.2875,"Female","Non-smoker",5.889625,0,"No",0.037975435187378,0.0210522374899464,0.0675637290873897
26.605527638191,48.2875,"Female","Non-smoker",5.889625,0,"No",0.0381632753144887,0.0211199655369293,0.0680046458481977
26.6829145728643,48.2875,"Female","Non-smoker",5.889625,0,"No",0.0383547393107009,0.0211814368686005,0.0684775751295027
26.7603015075377,48.2875,"Female","Non-smoker",5.889625,0,"No",0.0385495464045613,0.0212373312486829,0.068979704713681
26.8376884422111,48.2875,"Female","Non-smoker",5.889625,0,"No",0.0387474103483154,0.0212884866968049,0.069507713544481
26.9150753768844,48.2875,"Female","Non-smoker",5.889625,0,"No",0.0389480395619695,0.0213358778162586,0.0700578119503922
26.9924623115578,48.2875,"Female","Non-smoker",5.889625,0,"No",0.0391512243815183,0.0213805546611524,0.0706262110554287
27.0698492462312,48.2875,"Female","Non-smoker",5.889625,0,"No",0.0393569506594201,0.0214235023828173,0.0712099465618601
27.1472361809045,48.2875,"Female","Non-smoker",5.889625,0,"No",0.0395652314420267,0.0214656226732268,0.0718063518604042
27.2246231155779,48.2875,"Female","Non-smoker",5.889625,0,"No",0.0397760798758922,0.0215077392073067,0.0724129479804628
27.3020100502513,48.2875,"Female","Non-smoker",5.889625,0,"No",0.0399895092041019,0.021550599861722,0.0730274400138271
27.3793969849246,48.2875,"Female","Non-smoker",5.889625,0,"No",0.0402055327625499,0.0215948796937306,0.0736477128844464
27.456783919598,48.2875,"Female","Non-smoker",5.889625,0,"No",0.0404241639761606,0.0216411844175745,0.074271826705634
27.5341708542714,48.2875,"Female","Non-smoker",5.889625,0,"No",0.0406454163550568,0.0216900541632128,0.0748980119210417
27.6115577889447,48.2875,"Female","Non-smoker",5.889625,0,"No",0.0408693034906694,0.0217419673454563,0.0755246643846103
27.6889447236181,48.2875,"Female","Non-smoker",5.889625,0,"No",0.0410958390517899,0.0217973445096842,0.076150340498602
27.7663316582915,48.2875,"Female","Non-smoker",5.889625,0,"No",0.0413250367805625,0.0218565520529635,0.0767737524980527
27.8437185929648,48.2875,"Female","Non-smoker",5.889625,0,"No",0.0415569104884157,0.0219199057466649,0.077393763944467
27.9211055276382,48.2875,"Female","Non-smoker",5.889625,0,"No",0.0417914740519313,0.0219876740089849,0.0780093854708661
27.9984924623116,48.2875,"Female","Non-smoker",5.889625,0,"No",0.0420287414086504,0.0220600808937109,0.0786197708038854
28.0758793969849,48.2875,"Female","Non-smoker",5.889625,0,"No",0.042268726552813,0.0221373087757115,0.0792242130758235
28.1532663316583,48.2875,"Female","Non-smoker",5.889625,0,"No",0.0425114435310332,0.022219500724639,0.0798221414298128
28.2306532663317,48.2875,"Female","Non-smoker",5.889625,0,"No",0.0427569064379057,0.0223067625667569,0.080413117913975
28.308040201005,48.2875,"Female","Non-smoker",5.889625,0,"No",0.0430051294115441,0.0223991646411927,0.0809968346550807
28.3854271356784,48.2875,"Female","Non-smoker",5.889625,0,"No",0.0432561266290493,0.0224967432617136,0.0815731112983448
28.4628140703518,48.2875,"Female","Non-smoker",5.889625,0,"No",0.0435099123019066,0.0225995018987225,0.0821418926972191
28.5402010050251,48.2875,"Female","Non-smoker",5.889625,0,"No",0.0437665006713105,0.0227074120989036,0.0827032468350302
28.6175879396985,48.2875,"Female","Non-smoker",5.889625,0,"No",0.0440259060034166,0.0228204141620757,0.083257362958817
28.6949748743719,48.2875,"Female","Non-smoker",5.889625,0,"No",0.044288142584519,0.0229384175965611,0.0838045499045186
28.7723618090452,48.2875,"Female","Non-smoker",5.889625,0,"No",0.0445532247161512,0.02306130137592,0.0843452345915797
28.8497487437186,48.2875,"Female","Non-smoker",5.889625,0,"No",0.0448211667101117,0.023188914021371,0.084879960663963
28.927135678392,48.2875,"Female","Non-smoker",5.889625,0,"No",0.0450919828834109,0.0233210735357199,0.0854093872533588
29.0045226130653,48.2875,"Female","Non-smoker",5.889625,0,"No",0.0453656875531402,0.0234575672162265,0.0859342878390259
29.0819095477387,48.2875,"Female","Non-smoker",5.889625,0,"No",0.045642295031261,0.0235981513755881,0.0864555491771151
29.1592964824121,48.2875,"Female","Non-smoker",5.889625,0,"No",0.0459218196193133,0.02374255100214,0.0869741702705308
29.2366834170854,48.2875,"Female","Non-smoker",5.889625,0,"No",0.0462042756030431,0.0238904593924424,0.0874912613483635
29.3140703517588,48.2875,"Female","Non-smoker",5.889625,0,"No",0.0464896772469473,0.0240415377916224,0.0880080428217344
29.3914572864322,48.2875,"Female","Non-smoker",5.889625,0,"No",0.0467780387887356,0.0241954150790903,0.0885258441805896
29.4688442211055,48.2875,"Female","Non-smoker",5.889625,0,"No",0.0470693744337085,0.0243516875394749,0.0890461027936551
29.5462311557789,48.2875,"Female","Non-smoker",5.889625,0,"No",0.0473636983490512,0.0245099187606965,0.0895703625715463
29.6236180904523,48.2875,"Female","Non-smoker",5.889625,0,"No",0.0476610246580405,0.0246696397028679,0.0901002724510544
29.7010050251256,48.2875,"Female","Non-smoker",5.889625,0,"No",0.0479613674341681,0.0248303489830173,0.0906375846571087
29.778391959799,48.2875,"Female","Non-smoker",5.889625,0,"No",0.0482647406951755,0.0249915134212487,0.0911841526980024
29.8557788944724,48.2875,"Female","Non-smoker",5.889625,0,"No",0.0485711583970019,0.0251525688936809,0.0917419290494402
29.9331658291457,48.2875,"Female","Non-smoker",5.889625,0,"No",0.0488806344276449,0.025312921536106,0.0923129624840163
30.0105527638191,48.2875,"Female","Non-smoker",5.889625,0,"No",0.0491931826009326,0.0254719493395351,0.0928993950051146
30.0879396984925,48.2875,"Female","Non-smoker",5.889625,0,"No",0.0495088166502066,0.0256290041744518,0.093503458348153
30.1653266331658,48.2875,"Female","Non-smoker",5.889625,0,"No",0.0498275502219167,0.0257834142744738,0.0941274700177627
30.2427135678392,48.2875,"Female","Non-smoker",5.889625,0,"No",0.050149396869125,0.0259344872021034,0.0947738288370268
30.3201005025126,48.2875,"Female","Non-smoker",5.889625,0,"No",0.0504743700449213,0.026081513309277,0.0954450099943645
30.3974874371859,48.2875,"Female","Non-smoker",5.889625,0,"No",0.0508024830957471,0.0262237696935411,0.0961435595849826
30.4748743718593,48.2875,"Female","Non-smoker",5.889625,0,"No",0.0511337492546309,0.0263605246370675,0.0968720886568697
30.5522613065327,48.2875,"Female","Non-smoker",5.889625,0,"No",0.0514681816343311,0.0264910425006617,0.0976332667857688
30.629648241206,48.2875,"Female","Non-smoker",5.889625,0,"No",0.0518057932203901,0.0266145890288825,0.0984298152189937
30.7070351758794,48.2875,"Female","Non-smoker",5.889625,0,"No",0.0521465968640967,0.026730437005952,0.0992644996437461
30.7844221105528,48.2875,"Female","Non-smoker",5.889625,0,"No",0.0524906052753585,0.0268378721860183,0.10014012265107
30.8618090452261,48.2875,"Female","Non-smoker",5.889625,0,"No",0.052837831015483,0.0269361994063381,0.101059515980896
30.9391959798995,48.2875,"Female","Non-smoker",5.889625,0,"No",0.0531882864898686,0.0270247487789245,0.102025532645973
31.0165829145729,48.2875,"Female","Non-smoker",5.889625,0,"No",0.0535419839406067,0.0271028818460032,0.103041039042019
31.0939698492462,48.2875,"Female","Non-smoker",5.889625,0,"No",0.0538989354389905,0.0271699975779864,0.104108907157342
31.1713567839196,48.2875,"Female","Non-smoker",5.889625,0,"No",0.0542591528779382,0.0272255380902358,0.105232006996952
31.248743718593,48.2875,"Female","Non-smoker",5.889625,0,"No",0.0546226479643233,0.0272689939570356,0.106413199333356
31.3261306532663,48.2875,"Female","Non-smoker",5.889625,0,"No",0.0549894322112188,0.0272999090080935,0.107655328888662
31.4035175879397,48.2875,"Female","Non-smoker",5.889625,0,"No",0.0553595169300509,0.0273178845043745,0.108961218040493
31.4809045226131,48.2875,"Female","Non-smoker",5.889625,0,"No",0.055732913222666,0.0273225826057319,0.110333661127923
31.5582914572864,48.2875,"Female","Non-smoker",5.889625,0,"No",0.056109631973311,0.0273137290619139,0.111775419413986
31.6356783919598,48.2875,"Female","Non-smoker",5.889625,0,"No",0.0564896838405255,0.0272911150801765,0.113289216739076
31.7130653266332,48.2875,"Female","Non-smoker",5.889625,0,"No",0.0568730792489501,0.027254598345844,0.114877735876019
31.7904522613065,48.2875,"Female","Non-smoker",5.889625,0,"No",0.0572598283810489,0.0272041031955808,0.116543615573723
31.8678391959799,48.2875,"Female","Non-smoker",5.889625,0,"No",0.0576499411687485,0.0271396199657462,0.11828944825339
31.9452261306533,48.2875,"Female","Non-smoker",5.889625,0,"No",0.058043427284994,0.0270612035589694,0.120117778300264
32.0226130653266,48.2875,"Female","Non-smoker",5.889625,0,"No",0.0584402961352231,0.0269689712901472,0.122031100875661
32.1,48.2875,"Female","Non-smoker",5.889625,0,"No",0.0588405568487604,0.0268631000877986,0.124031861159299
