"Term","Estimate","SE","OR","Lower_95CI","Upper_95CI","P_value"
"(Intercept)",-6.95630300356493,1.36281882935812,0.00095261187521666,6.5896323366862e-05,0.0137711686849611,3.31935097363358e-07
"age",0.0353710327900247,0.0119302849310979,1.03600402896287,1.01205981446892,1.06051473705683,0.00302869532964362
"sexMale",-0.055526487636676,0.260223062344878,0.945986966379516,0.568039858201719,1.57540237298301,0.831030307458569
"bmi",0.099395200968625,0.0385738022640875,1.10450271385989,1.02407580124507,1.1912460419831,0.00997328881638119
"short_sleep",0.123074084385954,2.14470591901845,1.1309682049289,0.0168981772670548,75.6939083041732,0.954238461353732
"smokingCurrent smoker",0.547684013469371,0.271591666706742,1.7292434720431,1.01548298512103,2.9446903881381,0.0437402501735673
"physical_activity",-0.101186502721683,0.0620969585402728,0.903764462634905,0.80019763229043,1.02073559201098,0.103208888141822
"hypertensionYes",1.17580102158949,0.274178950656406,3.24073780537713,1.8934683976412,5.54663681542503,1.79929309304428e-05
"bmi:short_sleep",0.0395070589519867,0.0804993370312296,1.04029784227156,0.888454678556106,1.21809207239885,0.623585621770126
