"id","age","sex","bmi","waist_cm","smoking","physical_activity","sleep_duration","short_sleep","hypertension","biomarker","health_outcome"
1,54,"Female",25.7,94.9,"Current smoker",6.5,7.9,0,"Yes",100.7,"No"
2,35,"Male",27.4,100.2,"Current smoker",8.6,6.6,0,"No",85,"No"
3,50,"Female",24.5,91.8,"Non-smoker",7.1,8.6,0,"Yes",100.5,"No"
4,47,"Female",22.7,84,"Current smoker",6.3,5.8,1,"Yes",122.6,"No"
5,40,"Female",28.6,93.9,"Non-smoker",3.4,6,0,"No",110.2,"No"
6,18,"Male",19.3,87,"Current smoker",8.3,8.4,0,"No",80.4,"No"
7,39,"Female",27.5,93.5,"Current smoker",3.2,7.5,0,"No",90.1,"No"
8,36,"Female",25,91.7,"Current smoker",8.2,7.4,0,"Yes",93.9,"No"
9,49,"Male",16,79.7,"Current smoker",5.2,8.4,0,"Yes",94.4,"No"
10,42,"Female",22.5,79.8,"Current smoker",6.8,8,0,"Yes",107.2,"No"
11,43,"Female",29.7,104.5,"Non-smoker",3.7,5.1,1,"No",106.5,"No"
12,39,"Female",16.2,75.9,"Non-smoker",7.1,9.6,0,"No",79.1,"No"
13,45,"Male",30.3,104.1,"Non-smoker",5.6,6,0,"No",103.7,"No"
14,45,"Male",30.3,107.5,"Current smoker",5.3,7,0,"Yes",107,"No"
15,18,"Male",29.2,110.9,"Non-smoker",5.7,6.6,0,"No",93.7,"No"
16,64,"Female",24.2,92.8,"Current smoker",2.3,7.6,0,"Yes",115.5,"No"
17,55,"Male",22.3,100.5,"Current smoker",11,6.8,0,"Yes",106,"No"
18,51,"Male",18.3,90.6,"Current smoker",4,7.5,0,"Yes",99,"No"
19,38,"Male",24.2,92,"Current smoker",7.5,7.9,0,"No",88.6,"No"
20,56,"Male",23.6,98.9,"Current smoker",3.8,8.9,0,"Yes",112.7,"Yes"
21,44,"Female",32.1,104.1,"Non-smoker",2.8,6,0,"Yes",118.4,"No"
22,46,"Female",25.5,96.8,"Non-smoker",8.8,7.7,0,"Yes",86.8,"No"
23,31,"Male",22.4,94,"Current smoker",5.7,6.7,0,"No",102,"No"
24,66,"Female",28.5,98,"Current smoker",4.5,7,0,"Yes",109.5,"No"
25,49,"Male",27.8,94.3,"Current smoker",9.4,6.2,0,"Yes",97,"No"
26,71,"Male",22.5,97.8,"Current smoker",6.5,7.7,0,"Yes",96.3,"No"
27,69,"Female",26.4,98.1,"Non-smoker",5.5,7.1,0,"Yes",131.2,"No"
28,49,"Female",22,84.4,"Current smoker",5,8.2,0,"No",92.3,"Yes"
29,56,"Male",21.8,95.6,"Current smoker",5.2,6.9,0,"Yes",117.9,"No"
30,69,"Male",20.9,91.6,"Non-smoker",4.8,6.9,0,"No",101.8,"No"
31,42,"Female",22.9,95.7,"Non-smoker",5.4,6.8,0,"No",99.3,"No"
32,50,"Male",20.5,90.6,"Non-smoker",9,6.6,0,"No",97.8,"No"
33,45,"Male",27.8,99.3,"Non-smoker",5.7,5.8,1,"No",90.3,"No"
34,52,"Female",27.1,102.4,"Non-smoker",3.9,5.7,1,"Yes",99,"Yes"
35,50,"Female",24,79.4,"Current smoker",7.7,8,0,"Yes",114.1,"No"
36,62,"Female",31,102.7,"Non-smoker",5,4.7,1,"No",112.2,"Yes"
37,55,"Female",26.5,99.6,"Current smoker",1.7,5.8,1,"No",99.4,"No"
38,37,"Male",27.3,99.7,"Non-smoker",4.2,6.6,0,"No",104.7,"No"
39,55,"Female",22.9,89.5,"Non-smoker",4.5,7.7,0,"No",93.5,"No"
40,38,"Male",30.2,107.6,"Current smoker",6.6,4.9,1,"No",126.2,"No"
41,34,"Male",25,88.9,"Non-smoker",4.8,7.9,0,"No",106.9,"No"
42,57,"Male",22.6,91.8,"Non-smoker",5.6,6.9,0,"Yes",107.4,"No"
43,34,"Female",28.1,93.3,"Current smoker",4,7.1,0,"No",98.2,"No"
44,52,"Male",21.3,89.6,"Non-smoker",8.2,6.7,0,"No",103.1,"No"
45,38,"Female",20.2,87.5,"Current smoker",6.4,7.3,0,"No",96.7,"No"
46,65,"Male",29.8,104.4,"Non-smoker",4.5,6.8,0,"Yes",116.6,"No"
47,57,"Male",28.5,103,"Current smoker",3.1,6.8,0,"Yes",130.1,"No"
48,43,"Female",28.7,93.5,"Non-smoker",5,6.3,0,"No",96.5,"No"
49,58,"Female",27.2,88.6,"Non-smoker",6.9,5.4,1,"No",108.1,"No"
50,53,"Female",25.3,102.3,"Current smoker",3.9,7.7,0,"Yes",96.4,"No"
51,34,"Male",20.7,91.3,"Non-smoker",5.7,7.8,0,"Yes",89.2,"No"
52,46,"Male",22.4,91,"Current smoker",5.5,5.2,1,"No",106.2,"No"
53,37,"Male",23.5,95.5,"Current smoker",2.2,5.7,1,"No",109.6,"Yes"
54,53,"Female",28.3,98.3,"Non-smoker",5.4,5.8,1,"Yes",112.2,"No"
55,40,"Female",23.8,87,"Non-smoker",1.9,7.2,0,"No",94.5,"No"
56,45,"Female",27.2,90.7,"Non-smoker",9,5.2,1,"Yes",103.5,"No"
57,33,"Female",26.9,91.1,"Current smoker",6.1,7.1,0,"No",102.3,"No"
58,36,"Male",23.1,85.1,"Non-smoker",5.5,7.5,0,"No",95,"No"
59,50,"Male",19.2,79.3,"Non-smoker",5.7,8.3,0,"No",94.7,"No"
60,36,"Male",23.8,85.3,"Non-smoker",7.7,7.8,0,"No",85,"No"
61,46,"Female",23.1,84.4,"Non-smoker",5.7,7.5,0,"No",93.1,"No"
62,50,"Female",18.1,80.3,"Current smoker",6.7,7.9,0,"No",108,"No"
63,46,"Male",23.1,88.4,"Current smoker",7,8.5,0,"Yes",96.3,"No"
64,45,"Male",29.6,109.1,"Current smoker",4.3,7,0,"No",104.8,"No"
65,27,"Female",21.6,80.9,"Current smoker",5.7,8,0,"No",100.7,"No"
66,45,"Male",21.8,87.5,"Current smoker",7.2,5.7,1,"Yes",97.4,"No"
67,26,"Female",31.5,100.7,"Non-smoker",6.6,7.2,0,"No",102,"No"
68,62,"Female",24.8,93,"Current smoker",5.8,6.4,0,"No",118.2,"No"
69,36,"Female",17.9,73.4,"Non-smoker",10.5,7.3,0,"No",77.1,"No"
70,50,"Female",19.6,89,"Current smoker",7,6.6,0,"No",101.8,"No"
71,54,"Female",33,106.2,"Current smoker",1.5,6.3,0,"Yes",126.5,"Yes"
72,48,"Female",29.1,104.1,"Non-smoker",8.3,8.2,0,"Yes",99,"No"
73,64,"Female",23.8,94.8,"Non-smoker",0.7,7.6,0,"No",97.3,"No"
74,38,"Female",16.7,81.3,"Non-smoker",7.2,7.8,0,"Yes",82.3,"No"
75,53,"Female",16.9,73.7,"Non-smoker",6.9,8.3,0,"No",99.5,"No"
76,36,"Female",19.1,77.2,"Non-smoker",6.2,8,0,"No",71.1,"No"
77,73,"Female",18.8,83.3,"Current smoker",3.2,7.5,0,"Yes",115.5,"Yes"
78,56,"Female",23.2,82.5,"Non-smoker",5.4,5.9,1,"No",103.4,"No"
79,44,"Male",29.3,106,"Non-smoker",5.5,6.3,0,"No",100.8,"No"
80,57,"Female",22.6,90.8,"Non-smoker",5.1,8,0,"No",99.3,"No"
81,34,"Male",21.3,89.3,"Non-smoker",5.9,9.4,0,"No",86.9,"No"
82,66,"Male",19.7,82.6,"Current smoker",5.2,6.4,0,"Yes",114.2,"No"
83,34,"Female",19.6,79,"Non-smoker",3.7,7.9,0,"No",92.5,"No"
84,29,"Female",22.8,89,"Non-smoker",9.5,7.4,0,"No",98.1,"Yes"
85,47,"Male",19.4,84.6,"Current smoker",7.8,8.8,0,"No",91,"No"
86,58,"Female",31.4,103.3,"Current smoker",3.9,6,0,"Yes",132.5,"No"
87,48,"Female",23.4,90,"Non-smoker",4.8,6.7,0,"No",112.8,"No"
88,39,"Female",28.4,102.3,"Non-smoker",5.8,6.4,0,"No",108.3,"No"
89,62,"Male",21.9,93.7,"Current smoker",5.8,4.8,1,"No",98,"No"
90,75,"Male",24.8,98,"Current smoker",4.9,7.8,0,"No",118.2,"No"
91,24,"Male",20.5,88.6,"Non-smoker",4.9,9,0,"No",73,"No"
92,66,"Female",21.3,83.4,"Current smoker",6.9,6.3,0,"Yes",102,"No"
93,42,"Female",22.7,74.2,"Current smoker",7.5,8.2,0,"No",85.4,"No"
94,60,"Male",23.7,96,"Current smoker",5.2,7.7,0,"No",96.7,"No"
95,26,"Female",25.2,85.6,"Non-smoker",6.8,5.9,1,"No",85.3,"No"
96,45,"Female",25.2,88,"Non-smoker",5.8,5.1,1,"No",120.5,"No"
97,36,"Female",27.6,101.8,"Non-smoker",6.5,7.4,0,"No",91.5,"No"
98,42,"Male",21.3,93,"Current smoker",6,6.1,0,"No",78.5,"No"
99,35,"Female",28.4,100.4,"Non-smoker",8.6,7.3,0,"No",89.1,"No"
100,52,"Female",26.5,102.9,"Non-smoker",2.4,5.9,1,"No",98.6,"No"
101,63,"Male",18.4,82.8,"Current smoker",7.1,6.2,0,"No",114.6,"No"
102,42,"Female",19.2,81.5,"Non-smoker",7.6,8.8,0,"Yes",89.2,"No"
103,45,"Female",30.7,106.3,"Non-smoker",4.3,6.7,0,"No",99.8,"No"
104,35,"Male",25.2,97.4,"Current smoker",4.5,6.7,0,"No",97.6,"No"
105,60,"Female",23.2,88,"Non-smoker",5.5,6.5,0,"Yes",120.3,"Yes"
106,55,"Female",25.5,93.3,"Non-smoker",6.2,7.1,0,"No",102.4,"Yes"
107,29,"Female",19.2,74.1,"Non-smoker",9,8.3,0,"Yes",90.8,"No"
108,66,"Female",23.4,96.2,"Non-smoker",4.8,7.6,0,"No",101,"No"
109,34,"Female",27.3,98.2,"Non-smoker",7.5,7.4,0,"Yes",103.1,"No"
110,35,"Male",22.4,87.6,"Current smoker",3.8,6,0,"No",108.2,"No"
111,30,"Male",21.8,96.9,"Non-smoker",4.8,6.2,0,"No",89,"No"
112,34,"Male",21.4,95.9,"Non-smoker",5.5,6.8,0,"No",87.6,"Yes"
113,44,"Female",30.2,92.7,"Current smoker",5,7.9,0,"No",104,"No"
114,54,"Female",26.4,103.7,"Current smoker",5.3,7.3,0,"Yes",111.2,"No"
115,39,"Male",18.5,83.9,"Current smoker",5.4,8.7,0,"No",91.7,"No"
116,46,"Male",21.8,98.4,"Current smoker",6.9,7.3,0,"Yes",104.9,"No"
117,45,"Male",16.4,73.8,"Current smoker",9.1,8.7,0,"Yes",97.4,"No"
118,62,"Female",24.6,93.1,"Non-smoker",3.9,5.9,1,"Yes",104,"No"
119,75,"Female",25.5,96.7,"Current smoker",3.7,6.6,0,"Yes",113.1,"Yes"
120,35,"Female",23.4,86,"Non-smoker",2.6,8.5,0,"Yes",110.8,"No"
121,71,"Female",20,88.9,"Non-smoker",4.5,6,0,"No",105,"No"
122,74,"Female",17.4,78,"Non-smoker",6.6,8.8,0,"No",103.5,"No"
123,51,"Male",22.3,91.3,"Non-smoker",4.6,7.4,0,"No",116.2,"No"
124,59,"Male",16,78.3,"Current smoker",3.2,8.5,0,"Yes",116.4,"No"
125,27,"Male",28.5,101,"Non-smoker",3.7,6.7,0,"No",102.8,"No"
126,54,"Female",21.7,86.3,"Non-smoker",7.1,7.7,0,"No",102.6,"No"
127,41,"Female",16,76,"Current smoker",9.1,8.2,0,"No",83.7,"No"
128,46,"Female",28.6,101.2,"Non-smoker",4,6,0,"Yes",105.2,"No"
129,55,"Male",25.9,96.9,"Current smoker",7.1,6.2,0,"Yes",109.2,"No"
130,60,"Female",16,77,"Current smoker",4.7,7.8,0,"No",94.6,"No"
131,47,"Male",23.4,94.1,"Non-smoker",4.1,7.7,0,"No",93.8,"No"
132,75,"Female",20.3,86.3,"Non-smoker",7.3,8,0,"No",93.1,"No"
133,55,"Female",29.8,105.1,"Non-smoker",7.8,6.4,0,"No",114.2,"No"
134,46,"Female",32.1,108.4,"Current smoker",5,6.2,0,"Yes",119.3,"Yes"
135,53,"Female",25.1,102.5,"Non-smoker",2.9,6.8,0,"Yes",124.3,"No"
136,47,"Male",28.5,101,"Current smoker",5.9,6.7,0,"Yes",110.1,"Yes"
137,35,"Male",30.4,112.9,"Non-smoker",3.3,6.7,0,"No",102.2,"No"
138,54,"Female",22.7,89.8,"Non-smoker",6.2,7.3,0,"Yes",104,"No"
139,59,"Male",26.4,90.7,"Current smoker",7.7,6.8,0,"Yes",131.2,"No"
140,53,"Male",23.5,87.9,"Non-smoker",5.3,7,0,"Yes",112.4,"No"
141,52,"Female",22.1,81.7,"Current smoker",5.6,6.1,0,"No",107.2,"Yes"
142,50,"Male",26,93.1,"Non-smoker",1.8,6.9,0,"Yes",119.5,"No"
143,58,"Female",23.4,91.7,"Non-smoker",4.4,7.2,0,"No",117.7,"No"
144,33,"Male",28,108.3,"Non-smoker",9.1,8.4,0,"No",96.7,"No"
145,62,"Female",23,91.7,"Non-smoker",2.6,6.9,0,"No",117.8,"No"
146,37,"Female",20.4,81.3,"Non-smoker",7.3,6.8,0,"No",102.4,"No"
147,52,"Female",26.5,91.2,"Current smoker",3.8,4.7,1,"No",115,"No"
148,57,"Female",28,105.2,"Non-smoker",3.2,6.5,0,"Yes",117.4,"No"
149,51,"Male",18.4,83.6,"Current smoker",9.1,5.4,1,"No",107.5,"No"
150,29,"Female",19,83.8,"Non-smoker",2.8,7,0,"No",87.6,"No"
151,48,"Female",24.9,85.7,"Non-smoker",9.1,5.2,1,"Yes",115.4,"Yes"
152,52,"Male",25,94.7,"Non-smoker",3,6.6,0,"No",105.2,"No"
153,60,"Female",22.2,81.6,"Non-smoker",2.6,7.9,0,"No",101.2,"No"
154,54,"Female",30.4,98.7,"Current smoker",5.7,7,0,"Yes",120,"No"
155,55,"Male",17.9,91.8,"Current smoker",6.3,6.7,0,"No",87.6,"No"
156,62,"Male",18.6,86.3,"Current smoker",3.9,7.7,0,"Yes",109.4,"No"
157,40,"Male",23,96,"Non-smoker",3.7,6.6,0,"No",92.9,"No"
158,41,"Male",25.2,87.7,"Non-smoker",4,7.7,0,"No",86.9,"No"
159,48,"Female",19.9,81.9,"Non-smoker",8.4,7,0,"No",78.1,"No"
160,52,"Male",28.6,103.1,"Non-smoker",5,7.1,0,"No",91.7,"No"
161,65,"Male",23.2,92.7,"Current smoker",8.1,6.1,0,"No",94.6,"No"
162,38,"Male",19.9,90.2,"Current smoker",8,7.8,0,"No",90.2,"No"
163,38,"Male",20.5,82.9,"Current smoker",7.5,6.8,0,"No",95.4,"No"
164,57,"Male",20.9,93,"Current smoker",8,6.8,0,"Yes",91.6,"Yes"
165,43,"Male",26,99.3,"Current smoker",4.6,7.8,0,"Yes",106.2,"No"
166,45,"Male",20.3,92.3,"Non-smoker",7.7,8.8,0,"No",87.7,"No"
167,55,"Female",24.5,97.4,"Current smoker",7.2,7,0,"No",102.4,"No"
168,41,"Female",19.4,86.7,"Non-smoker",5.1,8.2,0,"Yes",95.1,"No"
169,39,"Female",24.5,96.2,"Non-smoker",10.7,7.8,0,"No",99.4,"No"
170,45,"Male",25.1,98.3,"Current smoker",7.4,6.3,0,"No",113.3,"No"
171,43,"Male",29.6,98.4,"Current smoker",6.1,5.4,1,"No",104.2,"No"
172,40,"Male",24.1,99.5,"Non-smoker",7,7.5,0,"No",107.9,"No"
173,59,"Female",27.7,106.3,"Current smoker",5.6,6.6,0,"Yes",131.4,"Yes"
174,42,"Female",17.5,81,"Non-smoker",9.5,7.9,0,"No",84,"No"
175,49,"Male",25.8,95.1,"Current smoker",4.9,6.6,0,"No",96.8,"No"
176,50,"Female",24.4,92.6,"Non-smoker",7.1,5.7,1,"No",100,"No"
177,26,"Female",29.9,94.9,"Current smoker",4.5,8.1,0,"No",97.8,"No"
178,52,"Male",18.6,87.8,"Current smoker",1.7,7.3,0,"No",102.6,"No"
179,66,"Male",27.6,104.6,"Current smoker",2.4,7.3,0,"Yes",115.9,"No"
180,48,"Female",22.9,78.5,"Non-smoker",8.6,6.5,0,"Yes",97.7,"No"
181,39,"Male",24.6,103.7,"Non-smoker",8.3,7.6,0,"No",85,"No"
182,64,"Female",24.4,96.1,"Non-smoker",4.7,6.5,0,"No",101.1,"No"
183,51,"Male",25.4,101.1,"Current smoker",6.2,7.5,0,"Yes",106.5,"No"
184,60,"Male",22,91,"Non-smoker",2.5,7.8,0,"No",100,"No"
185,51,"Male",25.7,94.2,"Current smoker",5.6,7.2,0,"No",120.8,"No"
186,55,"Male",26.1,105.2,"Non-smoker",5.6,6.3,0,"No",112.6,"No"
187,65,"Female",23.6,84.4,"Non-smoker",3.6,6.5,0,"No",96.7,"No"
188,56,"Female",22.9,95.4,"Current smoker",6,6.7,0,"Yes",108.7,"No"
189,53,"Male",32.6,100.5,"Current smoker",4,5.7,1,"Yes",131.7,"Yes"
190,40,"Male",19.9,90,"Current smoker",6.2,7.5,0,"No",101.5,"No"
191,55,"Male",23.4,89.9,"Current smoker",4.2,6.9,0,"Yes",107.4,"No"
192,43,"Male",26.8,94.9,"Current smoker",6.1,7.4,0,"Yes",101.3,"No"
193,74,"Female",25.2,91.1,"Non-smoker",6.8,6.7,0,"No",107.1,"No"
194,52,"Female",29.7,101.3,"Current smoker",6.4,5.9,1,"No",105.3,"No"
195,38,"Female",26.3,99.7,"Current smoker",5.3,7.4,0,"No",111.8,"No"
196,68,"Female",27.4,99.6,"Non-smoker",5.4,6.9,0,"Yes",108.4,"No"
197,42,"Female",28.3,102.5,"Non-smoker",4.8,6.4,0,"No",99.5,"No"
198,29,"Female",18.5,81.4,"Non-smoker",3.6,8.2,0,"No",85.6,"No"
199,35,"Female",24.2,76.8,"Non-smoker",2.7,7.2,0,"No",89,"No"
200,48,"Male",27.1,101.5,"Non-smoker",2.7,6.6,0,"No",114,"No"
201,43,"Male",30.9,102.7,"Non-smoker",6.5,6.1,0,"No",97,"No"
202,54,"Female",16.7,84.6,"Current smoker",8.8,6.8,0,"No",87,"No"
203,45,"Female",20.5,77.9,"Non-smoker",6.1,7.1,0,"No",95.3,"No"
204,26,"Female",28.5,91.3,"Non-smoker",4.9,6.4,0,"No",96,"No"
205,45,"Female",28.5,96.6,"Current smoker",7.5,6,0,"No",96.3,"No"
206,69,"Female",22.4,95.1,"Non-smoker",5.8,6.9,0,"Yes",100.6,"No"
207,43,"Male",18,83.6,"Non-smoker",10,7.8,0,"No",77.7,"No"
208,41,"Male",20.6,94.2,"Non-smoker",7.5,8.2,0,"Yes",90.9,"No"
209,47,"Male",30.3,109.5,"Current smoker",6.7,6.5,0,"Yes",116.1,"No"
210,68,"Male",16,87.8,"Current smoker",8,8.2,0,"Yes",106.3,"No"
211,38,"Male",23.2,80.8,"Non-smoker",8.1,6.8,0,"Yes",101.4,"No"
212,57,"Female",26.7,94.8,"Non-smoker",3.3,5,1,"Yes",123.1,"No"
213,41,"Female",24,89.9,"Non-smoker",8.7,7.9,0,"Yes",100.6,"No"
214,44,"Female",24.3,96.2,"Non-smoker",5.7,5.4,1,"No",95.7,"No"
215,44,"Male",31,107.3,"Current smoker",7.8,7.3,0,"No",103.6,"No"
216,57,"Female",23,91.7,"Non-smoker",6.9,6.7,0,"No",87.6,"No"
217,55,"Female",25.5,97.7,"Non-smoker",5,7.9,0,"Yes",114,"Yes"
218,61,"Female",22.7,91.9,"Current smoker",6.2,7.5,0,"Yes",114.4,"No"
219,61,"Female",26.5,91.4,"Non-smoker",4.8,5.7,1,"No",119.9,"No"
220,74,"Male",22.9,88.5,"Current smoker",7.3,6.7,0,"No",95.4,"Yes"
221,49,"Male",25.9,94.8,"Current smoker",4.5,6.1,0,"No",117,"Yes"
222,18,"Female",24,78,"Non-smoker",8.6,5.3,1,"No",87.7,"No"
223,42,"Female",34,98.9,"Non-smoker",0.7,7.2,0,"No",119.2,"Yes"
224,39,"Male",31.3,106.9,"Non-smoker",4,6.4,0,"No",108.5,"No"
225,44,"Male",22,92,"Non-smoker",5.7,7.5,0,"No",82.1,"No"
226,62,"Male",22.3,89.1,"Current smoker",2.9,5.6,1,"Yes",110.2,"Yes"
227,41,"Male",18.8,87.5,"Non-smoker",9.2,8,0,"No",75.8,"No"
228,38,"Female",20.2,79.4,"Non-smoker",5.3,6.9,0,"No",89.6,"No"
229,54,"Female",16.6,83.1,"Non-smoker",2.7,7.6,0,"No",81.2,"No"
230,56,"Male",27.1,96.3,"Current smoker",3.9,5.6,1,"Yes",112.2,"Yes"
231,45,"Female",20.6,86.9,"Non-smoker",8.3,7.7,0,"No",88.7,"No"
232,53,"Male",24,91.4,"Non-smoker",2,6.9,0,"No",96.7,"No"
233,54,"Female",31.6,102.5,"Non-smoker",3.9,6.3,0,"No",114.8,"No"
234,52,"Male",27.1,93.3,"Current smoker",6.6,9.2,0,"No",122.4,"No"
235,41,"Female",19.3,77.5,"Non-smoker",3.8,7.7,0,"No",97.8,"No"
236,57,"Female",21.1,95,"Non-smoker",6.3,6.7,0,"No",87.2,"No"
237,21,"Female",17.1,73.2,"Non-smoker",8.1,8.1,0,"No",92.5,"No"
238,55,"Female",19.6,79,"Current smoker",6.6,6,0,"Yes",95.5,"No"
239,53,"Male",30.4,105,"Non-smoker",7.8,6.4,0,"Yes",103.7,"No"
240,73,"Female",26.3,103.3,"Non-smoker",3.9,5.7,1,"Yes",125.5,"Yes"
241,51,"Female",19,85.3,"Non-smoker",5.3,7.4,0,"No",103.4,"No"
242,49,"Female",26.9,94.6,"Non-smoker",4.2,7.6,0,"Yes",111,"No"
243,62,"Female",27.4,108.6,"Non-smoker",7.7,6.3,0,"Yes",115.9,"No"
244,57,"Female",20.1,85.4,"Non-smoker",4.4,7.6,0,"Yes",111.5,"No"
245,48,"Female",23.9,93.8,"Non-smoker",7.4,7.2,0,"No",101.7,"No"
246,48,"Male",24.9,91.2,"Non-smoker",6.3,9,0,"No",101.9,"No"
247,50,"Male",25.9,103.5,"Non-smoker",5.9,8,0,"No",109.5,"No"
248,35,"Male",27.7,100.1,"Non-smoker",10.6,7.2,0,"No",98.1,"No"
249,63,"Male",26.6,101.4,"Current smoker",6,5.5,1,"No",120.3,"Yes"
250,42,"Female",24.7,98.3,"Non-smoker",5.1,8.8,0,"No",100.3,"No"
251,44,"Female",35.1,110.2,"Non-smoker",1.6,7,0,"Yes",103.9,"No"
252,56,"Male",24.2,102.1,"Current smoker",5.3,6.8,0,"Yes",118.4,"Yes"
253,43,"Male",17.6,86.3,"Non-smoker",11,7.6,0,"No",88.1,"No"
254,47,"Male",20.8,86.6,"Current smoker",2.5,6.6,0,"No",96.1,"No"
255,66,"Male",23,88.8,"Current smoker",8.1,7,0,"Yes",116.4,"No"
256,40,"Female",28,97.3,"Non-smoker",7.4,7.9,0,"No",95.4,"No"
257,45,"Male",18.8,83,"Non-smoker",4.1,6.8,0,"Yes",98,"No"
258,66,"Female",19.1,85.9,"Current smoker",6.4,7,0,"Yes",109.8,"No"
259,44,"Male",23.4,95.5,"Current smoker",11.9,7.4,0,"Yes",105.6,"No"
260,41,"Male",27,94,"Current smoker",6.8,7.6,0,"Yes",93,"No"
261,51,"Female",27.5,94.7,"Non-smoker",9.8,6.7,0,"No",113.6,"No"
262,55,"Female",23.2,85.2,"Current smoker",2.9,7.7,0,"Yes",118.1,"Yes"
263,40,"Male",20.9,98.9,"Current smoker",6,6.5,0,"No",103.1,"No"
264,46,"Male",33.3,115.3,"Non-smoker",4.6,6.3,0,"No",112.6,"No"
265,47,"Male",26.3,97.9,"Current smoker",7.8,7.5,0,"Yes",115.2,"Yes"
266,36,"Female",24.9,97.2,"Current smoker",5.4,6.2,0,"No",101.7,"No"
267,48,"Female",26.8,98.8,"Current smoker",8.4,5.1,1,"Yes",115.8,"Yes"
268,68,"Female",21.5,87.9,"Current smoker",4.1,6,0,"Yes",121,"No"
269,59,"Male",25.4,97.4,"Non-smoker",5.2,7,0,"Yes",97.7,"Yes"
270,39,"Female",26.4,89,"Current smoker",8.1,6.4,0,"Yes",117.9,"No"
271,52,"Female",21.6,89.1,"Current smoker",9,7.3,0,"Yes",92.7,"No"
272,45,"Male",23.5,92.7,"Non-smoker",5.8,6.7,0,"No",77.2,"No"
273,46,"Female",26.8,96,"Non-smoker",2.5,5,1,"Yes",120.2,"No"
274,58,"Male",18.2,92.6,"Current smoker",4.3,5.7,1,"Yes",104.1,"No"
275,55,"Female",29.1,105.2,"Non-smoker",6,5.2,1,"No",116.9,"Yes"
276,59,"Male",23.7,97.1,"Non-smoker",4.4,6.2,0,"No",96.1,"No"
277,53,"Female",22.2,88,"Non-smoker",9.5,7.1,0,"No",90.4,"No"
278,38,"Female",21.4,92.3,"Non-smoker",10.1,5.7,1,"No",85,"No"
279,42,"Male",30.8,102.6,"Current smoker",3.3,7.7,0,"No",110.7,"No"
280,33,"Female",23,77.1,"Current smoker",3,5.1,1,"No",107,"No"
281,55,"Female",24.7,89.5,"Current smoker",4,7,0,"No",134,"No"
282,64,"Male",22.1,86.6,"Current smoker",4.7,5.6,1,"Yes",120,"No"
283,29,"Female",20.8,80.5,"Non-smoker",3.6,8.6,0,"No",98.7,"No"
284,49,"Female",26.8,95.8,"Non-smoker",2.3,7.1,0,"No",122.9,"No"
285,54,"Female",24.2,97.5,"Non-smoker",5.9,7.1,0,"No",109.4,"No"
286,45,"Female",25.2,93,"Non-smoker",3.7,6.6,0,"No",104.5,"No"
287,38,"Female",21.8,87.5,"Non-smoker",6.6,9.4,0,"No",91.2,"No"
288,36,"Male",28.5,107,"Current smoker",4.8,6.1,0,"No",103.5,"No"
289,63,"Female",26.6,92.9,"Non-smoker",5.9,6.9,0,"No",120,"No"
290,45,"Male",26.2,104,"Non-smoker",7,6.9,0,"Yes",115.6,"No"
291,62,"Male",26.3,101.2,"Current smoker",6.6,8.4,0,"No",91.1,"Yes"
292,40,"Male",29.4,106,"Non-smoker",4,6,0,"Yes",103.4,"No"
293,63,"Female",27.7,98.2,"Current smoker",8.6,7.7,0,"Yes",113.7,"No"
294,54,"Male",22.5,90,"Current smoker",2.4,7.2,0,"No",89.4,"No"
295,48,"Male",26,103,"Current smoker",6,6.7,0,"Yes",107.1,"No"
296,62,"Female",24.6,91.3,"Current smoker",3.5,8.2,0,"Yes",121.1,"No"
297,44,"Female",31.6,104.2,"Non-smoker",4.4,7.6,0,"No",104.2,"No"
298,44,"Male",19.3,86.9,"Current smoker",5.2,7,0,"Yes",114.5,"No"
299,48,"Female",25.6,88.6,"Non-smoker",8.3,6.4,0,"No",101.2,"No"
300,47,"Female",21.3,74.3,"Current smoker",4.4,6.3,0,"Yes",117.2,"No"
301,46,"Female",17.5,77.1,"Current smoker",7.7,7.4,0,"No",76.1,"No"
302,46,"Male",22.6,93.8,"Current smoker",6.9,6.8,0,"No",100.3,"No"
303,38,"Female",20.5,81.9,"Non-smoker",10.3,7.7,0,"No",89.5,"No"
304,59,"Male",24.7,93.6,"Current smoker",7.1,7.7,0,"Yes",115.3,"No"
305,38,"Female",26.1,84.8,"Non-smoker",1.8,6.9,0,"Yes",105.3,"No"
306,39,"Male",24.9,95.9,"Current smoker",7.8,7.3,0,"Yes",109.2,"No"
307,38,"Male",24.5,95.3,"Non-smoker",8.6,5.9,1,"Yes",95.9,"No"
308,68,"Male",27.3,109.8,"Current smoker",3.1,5.2,1,"Yes",132,"Yes"
309,55,"Female",22.6,89.5,"Non-smoker",7.2,6.5,0,"Yes",101.3,"Yes"
310,55,"Male",16,90.3,"Current smoker",2.6,8.4,0,"No",109.5,"No"
311,24,"Female",29,95.8,"Non-smoker",5.6,7.3,0,"No",96.1,"No"
312,43,"Female",24,87.4,"Non-smoker",6.2,9.1,0,"No",91.1,"No"
313,62,"Female",27.4,99.2,"Current smoker",5.9,6.8,0,"Yes",118.6,"No"
314,65,"Male",26.7,101.6,"Current smoker",5.9,6.9,0,"Yes",119.9,"Yes"
315,24,"Male",23.9,91.9,"Non-smoker",8.7,6.5,0,"No",78,"No"
316,20,"Male",27.2,90.6,"Non-smoker",5.5,6.7,0,"No",97.5,"No"
317,32,"Female",19.4,79.1,"Non-smoker",4.4,8.1,0,"No",106.6,"No"
318,32,"Male",26.4,89.6,"Current smoker",7.9,7.1,0,"No",93.8,"No"
319,57,"Male",29.6,103.4,"Current smoker",5,7.2,0,"Yes",124.4,"No"
320,53,"Female",30.6,106.4,"Non-smoker",3.4,6.1,0,"Yes",121.9,"No"
321,69,"Female",22.6,72.2,"Current smoker",7.3,7.5,0,"Yes",100.4,"No"
322,50,"Female",23.3,85.8,"Current smoker",5.4,8.1,0,"No",96.8,"No"
323,44,"Female",28.8,96.1,"Current smoker",6.8,7.4,0,"Yes",115,"No"
324,67,"Male",22.3,88.7,"Current smoker",4.8,7.4,0,"Yes",116.1,"No"
325,57,"Female",26.7,89,"Current smoker",7.1,6.8,0,"No",116.4,"No"
326,56,"Female",23.6,99.7,"Non-smoker",7.8,6.5,0,"Yes",110.3,"No"
327,61,"Male",21.8,96.9,"Current smoker",4.2,4.9,1,"Yes",117.1,"No"
328,45,"Male",24.7,90.5,"Current smoker",5.8,7.8,0,"Yes",113.1,"No"
329,52,"Female",23.9,91.7,"Non-smoker",7.4,8.7,0,"Yes",102.6,"No"
330,61,"Male",22.8,92.3,"Current smoker",6.9,6.8,0,"Yes",106.7,"No"
331,25,"Male",22.2,84.5,"Non-smoker",7.2,8.8,0,"No",69.9,"No"
332,48,"Female",27.3,98.4,"Non-smoker",5,5.4,1,"No",101.2,"No"
333,38,"Male",31.6,110.2,"Current smoker",7.2,5.1,1,"Yes",129.9,"Yes"
334,37,"Male",22.9,87,"Current smoker",4.3,7.3,0,"No",106.8,"No"
335,39,"Female",19.8,93.4,"Non-smoker",4.3,7.8,0,"No",77.9,"No"
336,52,"Female",20.9,80.3,"Non-smoker",2.9,7.6,0,"No",103.6,"No"
337,48,"Male",25.3,101.7,"Non-smoker",7.4,6.4,0,"No",95.8,"No"
338,35,"Female",24.6,89.8,"Non-smoker",10.1,9.6,0,"No",89.2,"No"
339,55,"Female",20.2,82.8,"Current smoker",6.7,6.6,0,"Yes",101.5,"No"
340,54,"Female",25.4,92.8,"Non-smoker",8.2,6.1,0,"No",91.2,"No"
341,54,"Male",24.1,103.3,"Non-smoker",7.6,7.6,0,"No",103.1,"No"
342,52,"Male",25.8,105.1,"Current smoker",4,7.1,0,"Yes",109.3,"No"
343,63,"Female",24.1,92.4,"Non-smoker",5.6,4.6,1,"No",112.9,"No"
344,40,"Female",18.6,85.2,"Non-smoker",4.2,8.2,0,"No",89.5,"No"
345,41,"Female",30,99.1,"Current smoker",7.6,6.5,0,"Yes",120.9,"No"
346,57,"Female",30,106.1,"Non-smoker",6.8,6.5,0,"No",97.3,"No"
347,55,"Male",24.7,96.7,"Current smoker",6.2,7.2,0,"Yes",128.8,"Yes"
348,61,"Female",30.7,111,"Non-smoker",4.6,6.4,0,"No",112.9,"No"
349,48,"Male",28.2,93.3,"Non-smoker",6.4,6.7,0,"No",91.1,"No"
350,55,"Female",20.5,92.1,"Non-smoker",2.9,6.8,0,"No",97.2,"No"
351,61,"Male",27.9,104.4,"Current smoker",5.6,7,0,"Yes",118.7,"No"
352,40,"Female",20,88.2,"Non-smoker",10.9,9.9,0,"No",84.1,"No"
353,69,"Male",23.2,105.7,"Non-smoker",3.6,6.6,0,"Yes",102.1,"No"
354,39,"Female",26.4,98.7,"Non-smoker",2.8,7.6,0,"No",96.7,"No"
355,28,"Female",29.9,108.3,"Non-smoker",4.8,7,0,"Yes",98.3,"No"
356,47,"Female",21.4,89.3,"Non-smoker",8.3,8.5,0,"No",80.8,"No"
357,50,"Female",25.4,83.3,"Current smoker",6,7.2,0,"No",106.2,"No"
358,40,"Male",29.3,100.4,"Non-smoker",4,6.4,0,"Yes",106.1,"No"
359,36,"Female",24.7,95.4,"Non-smoker",4.1,6.9,0,"Yes",117.8,"Yes"
360,40,"Male",17.3,80.7,"Non-smoker",5.5,8.6,0,"No",74.3,"No"
361,61,"Male",28.2,105.9,"Non-smoker",7.6,6.5,0,"No",101,"No"
362,23,"Male",27,94.7,"Current smoker",7.8,8.1,0,"No",88.3,"No"
363,23,"Female",28.2,96.7,"Non-smoker",4.9,5.8,1,"No",91.6,"No"
364,33,"Female",24.3,89,"Non-smoker",8.3,8.2,0,"Yes",95.9,"No"
365,61,"Female",29.4,100.6,"Non-smoker",3.4,7.8,0,"Yes",117.5,"No"
366,59,"Female",25.2,96.8,"Non-smoker",4.7,7.1,0,"No",93.9,"No"
367,38,"Male",24.7,102.7,"Non-smoker",7.8,7.5,0,"No",92.8,"No"
368,49,"Female",24.2,88.6,"Non-smoker",7.6,9.1,0,"No",94.3,"No"
369,55,"Female",33.7,101.2,"Non-smoker",0.4,7.3,0,"Yes",120.3,"No"
370,54,"Female",27.8,103.1,"Current smoker",8.3,5.5,1,"Yes",107.8,"Yes"
371,54,"Female",16,70.9,"Non-smoker",7.5,8.4,0,"No",93.7,"No"
372,50,"Female",22.7,90.1,"Current smoker",5.6,7.4,0,"No",94.9,"No"
373,52,"Male",27.6,105.7,"Current smoker",3.3,6.6,0,"Yes",123.8,"No"
374,31,"Male",22,91.2,"Current smoker",6,8.2,0,"No",76.3,"No"
375,73,"Female",21.2,98.1,"Current smoker",4.6,6.3,0,"No",98.6,"No"
376,46,"Female",21.4,85.3,"Current smoker",4.2,7.3,0,"Yes",106.3,"No"
377,54,"Male",25.9,105,"Non-smoker",5.9,6.7,0,"Yes",113.9,"No"
378,32,"Female",22.4,93,"Non-smoker",8.7,8,0,"No",91.1,"No"
379,44,"Female",24.5,90.5,"Non-smoker",8,7.3,0,"Yes",107.1,"No"
380,57,"Male",24,99.3,"Non-smoker",2.9,8.1,0,"No",104.1,"No"
381,50,"Female",23.9,86.6,"Non-smoker",5.1,8.4,0,"No",89.6,"No"
382,51,"Male",22.4,99.3,"Non-smoker",3.4,8.2,0,"No",95.2,"No"
383,32,"Male",21.3,92.6,"Non-smoker",7.5,9.5,0,"No",98.3,"No"
384,54,"Female",30.6,93.6,"Non-smoker",5.3,7.9,0,"No",93,"No"
385,42,"Female",28,96.9,"Current smoker",8.5,7.6,0,"Yes",105.1,"No"
386,28,"Male",25,97.2,"Current smoker",4.7,6.9,0,"No",90,"No"
387,55,"Female",25.1,97.5,"Current smoker",2.5,6.4,0,"Yes",120.9,"No"
388,48,"Female",25.4,92.9,"Current smoker",4.3,7.8,0,"No",105.8,"No"
389,39,"Male",31.9,101.8,"Current smoker",7.3,6.9,0,"Yes",115.2,"No"
390,51,"Male",23.1,93.7,"Current smoker",6.7,7.9,0,"No",107.3,"No"
391,26,"Male",19.9,95.1,"Current smoker",9.5,8.4,0,"No",85.1,"No"
392,73,"Female",24.8,89.6,"Non-smoker",4,7.9,0,"Yes",107.8,"No"
393,20,"Female",26.8,86.6,"Non-smoker",5,7.3,0,"No",86.6,"No"
394,52,"Female",25,90.5,"Non-smoker",11,8.8,0,"No",91.9,"No"
395,45,"Male",22.8,81.1,"Current smoker",5,7.6,0,"No",95.1,"No"
396,34,"Female",27.9,88.7,"Non-smoker",5.3,8.1,0,"No",103.6,"No"
397,52,"Male",30.6,98.1,"Current smoker",8.5,6,0,"No",121.9,"No"
398,43,"Female",24.7,96.6,"Non-smoker",2.1,7.4,0,"No",99.6,"No"
399,66,"Male",32,115.6,"Current smoker",4,5.5,1,"Yes",125.7,"Yes"
400,35,"Male",18.9,79.8,"Current smoker",7.8,6.4,0,"No",103.5,"No"
401,64,"Male",21.3,95.3,"Current smoker",8.6,6,0,"No",112.2,"No"
402,55,"Female",29,97.6,"Non-smoker",5.5,8.3,0,"Yes",100.3,"Yes"
403,35,"Male",22.2,91.2,"Current smoker",7,6.5,0,"Yes",125.1,"No"
404,46,"Male",29.1,111.1,"Current smoker",2.7,4.9,1,"Yes",116.9,"Yes"
405,37,"Male",21.9,80.7,"Non-smoker",9,7.2,0,"No",92.7,"No"
406,24,"Female",29.4,94.9,"Non-smoker",5.2,6.2,0,"Yes",122.7,"Yes"
407,71,"Female",23,93.2,"Non-smoker",4.3,7.4,0,"No",100.8,"No"
408,67,"Female",24.4,83.4,"Current smoker",5.4,6.6,0,"Yes",126.2,"No"
409,50,"Male",25.9,99.1,"Current smoker",5.1,7,0,"Yes",115.5,"No"
410,31,"Male",19.5,90.4,"Non-smoker",8.9,7.5,0,"No",92.6,"No"
411,54,"Female",24.3,90.7,"Current smoker",3.9,7,0,"Yes",111,"Yes"
412,36,"Male",24.6,95.3,"Non-smoker",5.6,7.7,0,"Yes",106.8,"No"
413,55,"Male",29.5,105.4,"Non-smoker",9.1,7.2,0,"Yes",105.7,"No"
414,58,"Female",20.3,86.6,"Non-smoker",7.4,6.6,0,"Yes",98.8,"No"
415,50,"Male",29.6,107.9,"Current smoker",4.9,8.2,0,"Yes",111.8,"No"
416,47,"Male",24.1,94.7,"Current smoker",6.2,8.1,0,"No",98.6,"No"
417,61,"Female",23,80.4,"Current smoker",4,6.6,0,"Yes",123.3,"Yes"
418,61,"Female",28.2,106.4,"Non-smoker",8.3,5.7,1,"Yes",113.6,"Yes"
419,53,"Male",25.7,94.9,"Current smoker",5,7.5,0,"Yes",116.1,"No"
420,47,"Male",28,99.3,"Current smoker",4,6,0,"No",103.6,"No"
421,59,"Male",31,105.9,"Current smoker",3.9,5.2,1,"No",117.6,"No"
422,50,"Female",24.3,92.2,"Non-smoker",4.1,5.7,1,"No",112.2,"No"
423,65,"Male",17.5,86.1,"Current smoker",5.7,7.7,0,"No",91.7,"No"
424,33,"Female",22.5,88.1,"Non-smoker",5.6,8.1,0,"No",78.8,"No"
425,47,"Female",23.6,87.2,"Non-smoker",7.5,6.5,0,"No",103,"No"
426,61,"Male",24.8,98.5,"Current smoker",5.5,8,0,"No",91.5,"No"
427,40,"Female",18.3,81.4,"Current smoker",4.3,6.2,0,"No",89.6,"No"
428,27,"Female",21.7,87.8,"Non-smoker",9.8,6.9,0,"No",88,"No"
429,55,"Female",22.6,86.1,"Current smoker",7.6,7.1,0,"No",92.8,"No"
430,41,"Male",23.6,95.3,"Non-smoker",6.7,7.4,0,"Yes",82.4,"No"
431,42,"Female",22,88.5,"Non-smoker",7.3,6.2,0,"Yes",92.5,"No"
432,57,"Female",22.5,88.8,"Current smoker",7.9,7.3,0,"No",96.2,"No"
433,73,"Female",31.6,104.6,"Current smoker",5.1,5.5,1,"Yes",133.1,"No"
434,49,"Male",23.8,100.5,"Current smoker",8.1,6.5,0,"No",101.4,"No"
435,59,"Female",19.3,85.3,"Non-smoker",7.3,5.9,1,"No",98.3,"No"
436,23,"Female",20.2,67.4,"Current smoker",6.9,7.6,0,"No",74.8,"No"
437,49,"Female",24.6,90.6,"Non-smoker",8.2,6.8,0,"Yes",108.9,"No"
438,27,"Female",32,98.9,"Non-smoker",2.5,7.5,0,"No",111.6,"No"
439,28,"Female",26.9,93.8,"Non-smoker",6.6,5.2,1,"No",92.5,"No"
440,65,"Female",19.4,86.7,"Non-smoker",4.7,9,0,"No",93.7,"No"
441,56,"Female",24.3,93.8,"Current smoker",7,6.6,0,"Yes",119.1,"No"
442,55,"Male",21.4,95.5,"Current smoker",6.2,8.1,0,"Yes",104.8,"No"
443,42,"Female",19.9,77.4,"Non-smoker",8.9,7.7,0,"No",88.3,"No"
444,33,"Male",24.9,87.2,"Current smoker",6.6,7.9,0,"No",110.8,"No"
445,53,"Female",34.3,107.2,"Non-smoker",5.5,6.2,0,"Yes",113.4,"Yes"
446,34,"Female",30.2,97.5,"Non-smoker",7.1,6.2,0,"Yes",120.4,"No"
447,75,"Male",18.9,93.8,"Non-smoker",8.2,6.6,0,"No",98.3,"No"
448,49,"Male",26.1,105.2,"Current smoker",4.6,5.6,1,"Yes",125.1,"Yes"
449,52,"Female",26.9,95,"Non-smoker",9.1,7.1,0,"Yes",108.5,"No"
450,29,"Female",28.1,86.1,"Non-smoker",5,5.7,1,"No",105.6,"No"
451,54,"Male",26.3,106.6,"Current smoker",3.3,6.6,0,"Yes",116.2,"No"
452,62,"Female",30.6,105,"Non-smoker",7.2,5.6,1,"Yes",111,"No"
453,52,"Male",19.4,87.3,"Current smoker",7,7.6,0,"Yes",105.7,"No"
454,49,"Male",27.7,105.1,"Current smoker",4.6,7.7,0,"Yes",105.7,"No"
455,67,"Male",23.1,96.3,"Current smoker",7.8,5.3,1,"No",102.5,"Yes"
456,57,"Female",22.5,100.9,"Non-smoker",6.8,7.3,0,"Yes",97.9,"No"
457,56,"Female",28.8,96.3,"Current smoker",3.6,6.1,0,"No",114.7,"Yes"
458,61,"Male",33,112.3,"Current smoker",5.2,6.3,0,"Yes",105.4,"No"
459,52,"Male",26.1,93.7,"Current smoker",5.5,5.8,1,"No",114,"No"
460,75,"Male",27.6,97.4,"Current smoker",2.4,5,1,"Yes",118.1,"Yes"
461,52,"Female",22.8,92.6,"Current smoker",7.1,7.4,0,"No",100.4,"No"
462,61,"Male",25.5,105.9,"Current smoker",5.8,6.9,0,"Yes",133.2,"No"
463,59,"Male",19,92.1,"Non-smoker",6.3,7.9,0,"Yes",96.8,"No"
464,57,"Female",25.3,86.5,"Non-smoker",4,5.8,1,"No",105.1,"No"
465,61,"Male",30.4,109.5,"Non-smoker",4.7,4.5,1,"No",107.7,"No"
466,52,"Male",30.1,101,"Current smoker",4.5,7.7,0,"Yes",121.4,"Yes"
467,25,"Female",24,89.6,"Non-smoker",4.9,7.2,0,"No",95.6,"No"
468,38,"Female",25.1,80.2,"Non-smoker",5.9,7.1,0,"Yes",108.4,"No"
469,75,"Male",18.9,96.3,"Current smoker",2.5,7.1,0,"Yes",111.1,"No"
470,71,"Male",16.2,94.6,"Current smoker",5.7,7.1,0,"Yes",102.5,"No"
471,47,"Female",26.9,95.8,"Non-smoker",2.3,5.4,1,"No",107.1,"No"
472,18,"Male",21.3,93.9,"Non-smoker",7.2,7.9,0,"No",75.6,"No"
473,39,"Female",24.8,86.8,"Non-smoker",6.3,6.4,0,"No",91,"No"
474,30,"Female",27.1,92.3,"Non-smoker",1.1,6.5,0,"No",83.9,"No"
475,28,"Male",30.3,107.3,"Non-smoker",10.2,8.1,0,"No",79.7,"No"
476,59,"Male",29.7,106.3,"Current smoker",5.9,6.4,0,"No",107.6,"No"
477,49,"Female",28.3,91.2,"Non-smoker",3.9,5.4,1,"No",102.7,"No"
478,65,"Female",23.1,90,"Current smoker",8.9,6.1,0,"Yes",103.7,"No"
479,32,"Male",28.9,99.6,"Non-smoker",9.2,6.5,0,"No",89.6,"No"
480,36,"Male",21,86.7,"Non-smoker",3.2,9.2,0,"No",90.3,"No"
481,56,"Female",20.9,90,"Current smoker",5.7,7.5,0,"Yes",107.3,"No"
482,62,"Female",19.5,92.2,"Non-smoker",4,7.4,0,"No",116.6,"No"
483,46,"Male",24.7,97.4,"Current smoker",7.1,7.1,0,"Yes",110.3,"No"
484,36,"Female",26.9,95.5,"Non-smoker",2.2,6.9,0,"Yes",105.1,"No"
485,70,"Female",28.9,104.5,"Current smoker",7.7,5.6,1,"Yes",125.2,"No"
486,68,"Female",28.6,100.4,"Current smoker",2.2,6,0,"No",112.3,"No"
487,61,"Female",25.2,104.9,"Non-smoker",4.4,7.4,0,"Yes",117,"No"
488,58,"Male",23.2,96.7,"Current smoker",6.4,6.4,0,"Yes",104.3,"No"
489,34,"Female",24.6,91.2,"Non-smoker",9,5.5,1,"No",74.5,"No"
490,24,"Female",26.7,100.3,"Non-smoker",5.9,8.5,0,"No",86.8,"No"
491,73,"Female",29,90.3,"Non-smoker",4,6.2,0,"Yes",129.8,"No"
492,52,"Male",21.9,94.7,"Non-smoker",8.4,7.9,0,"Yes",90.1,"No"
493,38,"Female",20,80.6,"Non-smoker",10.2,7.3,0,"No",92.1,"No"
494,66,"Male",16.7,82.7,"Current smoker",7.5,8.6,0,"No",88.1,"No"
495,41,"Female",19.3,81,"Current smoker",6.7,8.1,0,"No",101.6,"No"
496,42,"Male",21.6,103.2,"Non-smoker",6.6,8.5,0,"No",96.4,"No"
497,53,"Male",22.2,95.2,"Current smoker",4.4,8.1,0,"No",98.2,"No"
498,31,"Male",25.5,94.1,"Current smoker",3.5,7.7,0,"No",116.3,"No"
499,42,"Male",21.2,83.9,"Non-smoker",9.2,5.2,1,"No",106.8,"No"
500,35,"Female",23.4,97.9,"Non-smoker",6.5,6.7,0,"No",95.8,"No"
501,62,"Male",20.4,86.3,"Current smoker",8.1,5.7,1,"No",103.1,"No"
502,52,"Male",20,91.3,"Current smoker",10.1,6.3,0,"No",85,"No"
503,45,"Female",23.2,92.6,"Non-smoker",6.1,6.8,0,"No",100.5,"No"
504,64,"Female",18.9,87.4,"Non-smoker",6.7,7.2,0,"No",105.3,"No"
505,47,"Female",21.6,82.9,"Non-smoker",4.1,7.1,0,"No",94.9,"No"
506,45,"Female",34.2,102.6,"Current smoker",6.1,7.4,0,"Yes",123.7,"No"
507,50,"Male",25.2,92,"Non-smoker",4.9,7,0,"No",109.4,"No"
508,40,"Female",22,87.7,"Non-smoker",4.5,8.8,0,"Yes",102.4,"No"
509,49,"Male",24.3,97.4,"Non-smoker",5.7,7.4,0,"Yes",121.6,"No"
510,59,"Female",27.3,96.2,"Non-smoker",3,6.4,0,"No",111.4,"No"
511,50,"Female",25.7,87,"Non-smoker",6.2,7.1,0,"Yes",98.1,"No"
512,68,"Female",23.7,84.7,"Non-smoker",5.4,5,1,"Yes",126.7,"No"
513,41,"Female",18.8,86.7,"Non-smoker",8,8.9,0,"No",81,"No"
514,44,"Male",23.4,93.7,"Non-smoker",6.9,7.2,0,"No",92.6,"No"
515,64,"Male",29.1,106.3,"Current smoker",2.3,7.3,0,"Yes",117.7,"Yes"
516,34,"Male",24.9,99.6,"Non-smoker",1.8,7.6,0,"No",93.4,"No"
517,31,"Female",26,94,"Non-smoker",8.6,7.2,0,"No",107.1,"No"
518,56,"Male",24.8,92.9,"Non-smoker",7.2,6.8,0,"No",98.3,"No"
519,43,"Female",26.9,88.6,"Current smoker",6.8,7.8,0,"Yes",106.9,"No"
520,36,"Male",31.9,98.9,"Non-smoker",3.5,6.4,0,"Yes",114.7,"Yes"
521,37,"Male",26.6,93.1,"Current smoker",4.3,6.6,0,"No",99,"No"
522,58,"Male",18.6,88.3,"Non-smoker",4.5,8.5,0,"Yes",92.2,"No"
523,40,"Male",25.8,99,"Current smoker",6.2,7,0,"Yes",101,"No"
524,48,"Female",22.9,83.5,"Non-smoker",9,7.1,0,"No",96.8,"No"
525,39,"Female",24.9,98.2,"Non-smoker",9.2,7.8,0,"Yes",112.5,"No"
526,53,"Male",21.9,94.4,"Non-smoker",6.5,7.9,0,"No",86.5,"No"
527,40,"Male",29.5,115.2,"Current smoker",3.7,6.9,0,"No",106.8,"No"
528,53,"Male",24.5,100.7,"Current smoker",7.5,7.3,0,"No",110.5,"No"
529,41,"Female",26.6,93.3,"Non-smoker",5.4,7.5,0,"Yes",93.5,"No"
530,70,"Male",22.7,100.7,"Non-smoker",2.4,7.4,0,"Yes",111.1,"Yes"
531,53,"Female",34.3,109.8,"Non-smoker",2.9,4.6,1,"No",119.1,"No"
532,26,"Male",23.9,95,"Non-smoker",5.5,8,0,"No",110.8,"No"
533,64,"Male",26.3,107.6,"Current smoker",4.4,6.4,0,"No",109.8,"No"
534,47,"Male",23.2,101.7,"Current smoker",8.7,5.8,1,"Yes",112.9,"No"
535,51,"Female",22.5,88.6,"Current smoker",7.5,5.8,1,"No",103,"No"
536,65,"Female",24.7,93.9,"Current smoker",4.7,5.8,1,"Yes",106,"Yes"
537,53,"Male",29.5,107.4,"Non-smoker",8.8,7.8,0,"No",107.8,"No"
538,75,"Female",30.7,101.7,"Current smoker",7.4,6.7,0,"Yes",139.3,"No"
539,42,"Male",23.8,101.9,"Non-smoker",6.1,7,0,"No",105.6,"No"
540,52,"Male",24.6,101.3,"Non-smoker",5.1,7.6,0,"No",83.1,"No"
541,54,"Male",29.1,99.3,"Non-smoker",7.4,6.4,0,"Yes",115.8,"No"
542,58,"Female",30.6,101.1,"Non-smoker",11.1,4.2,1,"Yes",101.3,"No"
543,58,"Female",23,90.5,"Non-smoker",0.6,7.3,0,"Yes",107,"No"
544,55,"Male",23.9,101.7,"Current smoker",4.5,7.2,0,"Yes",105.2,"No"
545,33,"Male",29.2,107.1,"Non-smoker",5.1,7.3,0,"No",101.7,"No"
546,43,"Female",26,99.8,"Current smoker",9.1,6.3,0,"Yes",107.5,"No"
547,49,"Male",20.9,98.1,"Current smoker",9.1,8.1,0,"No",88.3,"No"
548,42,"Male",27.6,102.2,"Non-smoker",5.9,6.5,0,"No",106.8,"No"
549,52,"Male",16,82.8,"Non-smoker",5.1,7.2,0,"No",89,"No"
550,38,"Female",28.2,95.4,"Current smoker",5.1,5.7,1,"Yes",112.6,"No"
551,59,"Female",26.4,94.7,"Non-smoker",6.2,7,0,"No",98.9,"No"
552,50,"Male",26.6,107.4,"Current smoker",6.6,5.7,1,"No",106.4,"No"
553,55,"Female",27,107.1,"Non-smoker",2.6,6.2,0,"No",106.7,"No"
554,45,"Male",23.1,99.9,"Current smoker",6.3,9,0,"Yes",102.1,"No"
555,40,"Female",24.2,93.5,"Non-smoker",7,6,0,"No",89.6,"No"
556,66,"Female",20.9,98.2,"Non-smoker",5.1,7.1,0,"No",99.3,"No"
557,38,"Male",19,85.2,"Current smoker",7.7,8.4,0,"No",72.1,"No"
558,38,"Female",27,86.8,"Non-smoker",4.1,7.4,0,"No",95.9,"No"
559,40,"Male",20.3,77.5,"Current smoker",5.7,7.1,0,"No",85.4,"No"
560,70,"Female",29.9,100.8,"Non-smoker",9.5,6.3,0,"No",109.3,"No"
561,47,"Female",29.3,96.7,"Non-smoker",7,6.5,0,"No",89,"No"
562,61,"Female",23.4,89.2,"Non-smoker",5.4,6.8,0,"No",105.4,"No"
563,36,"Female",25.2,89.1,"Current smoker",8.6,7.2,0,"Yes",112.4,"No"
564,43,"Male",30.5,103.7,"Non-smoker",6.3,5,1,"No",113.4,"No"
565,46,"Female",24.9,85.7,"Current smoker",6.8,8.7,0,"No",97.9,"No"
566,56,"Female",27,102.1,"Non-smoker",9.3,7.4,0,"Yes",105.8,"Yes"
567,44,"Male",27.4,97.6,"Current smoker",2.5,7.7,0,"No",106.5,"No"
568,56,"Male",30,104.9,"Current smoker",6.7,6.9,0,"Yes",116.9,"No"
569,49,"Female",23.2,84.7,"Non-smoker",3.3,8.5,0,"No",94,"No"
570,50,"Female",24.9,80.9,"Current smoker",2.7,6.6,0,"No",103.8,"No"
571,73,"Female",22.5,92.1,"Current smoker",1.5,6.5,0,"Yes",113.8,"No"
572,40,"Male",19,89.7,"Non-smoker",6,7.5,0,"No",106.3,"No"
573,60,"Female",16,75.3,"Current smoker",4.8,8.6,0,"No",109.2,"No"
574,61,"Male",21.4,100.2,"Current smoker",7.6,7.6,0,"Yes",110.3,"No"
575,68,"Male",24.7,101.5,"Current smoker",7.5,6.7,0,"No",112.4,"No"
576,52,"Male",21.8,83.2,"Non-smoker",4.1,7.5,0,"No",92.2,"No"
577,51,"Male",24.3,102.1,"Current smoker",5.5,7.8,0,"Yes",96.4,"Yes"
578,50,"Female",25.2,103.1,"Non-smoker",0,5.7,1,"No",113.4,"No"
579,57,"Female",28.7,95,"Non-smoker",3,5.4,1,"No",112.1,"No"
580,55,"Male",17.2,80,"Current smoker",9.5,6.5,0,"No",88.1,"No"
581,45,"Female",33.2,105.4,"Non-smoker",6,7.2,0,"Yes",124.3,"No"
582,59,"Female",25,94.6,"Current smoker",5.1,8.8,0,"Yes",113.7,"No"
583,55,"Male",28.4,102,"Non-smoker",4.1,6.3,0,"Yes",109.5,"No"
584,56,"Male",17.3,84.3,"Current smoker",4.1,6.9,0,"Yes",108.3,"No"
585,75,"Female",30.7,103.4,"Non-smoker",2.9,6.7,0,"Yes",116.1,"Yes"
586,51,"Female",24.9,95.1,"Non-smoker",7,5.6,1,"No",112,"No"
587,42,"Female",22.5,89.8,"Non-smoker",6.9,6.8,0,"Yes",108.6,"No"
588,53,"Female",22.1,89.4,"Non-smoker",10.2,8.7,0,"No",101.5,"No"
589,45,"Male",24.1,96.5,"Non-smoker",5.9,6.3,0,"No",98,"No"
590,39,"Male",21.2,89.3,"Non-smoker",7.4,7,0,"No",91.6,"No"
591,43,"Male",21.9,92.4,"Current smoker",4.9,6,0,"No",97.6,"No"
592,49,"Male",17.3,91.3,"Current smoker",5.8,8.1,0,"No",90.8,"No"
593,60,"Male",23.5,101.5,"Non-smoker",6.5,6.2,0,"No",131.1,"No"
594,52,"Male",20.6,84.6,"Non-smoker",8.4,7.4,0,"No",84.5,"No"
595,38,"Male",19.7,91.1,"Current smoker",10.6,8.7,0,"No",97.1,"No"
596,46,"Male",21.6,85.7,"Current smoker",5.5,8.9,0,"No",75.1,"No"
597,30,"Female",27.7,92.1,"Current smoker",4.2,7.7,0,"No",94.5,"No"
598,46,"Female",21.9,91.9,"Non-smoker",5.2,7.5,0,"No",96.4,"No"
599,32,"Male",31,106.1,"Current smoker",8.4,7,0,"No",96,"No"
600,31,"Male",33.2,113.7,"Current smoker",7.3,5.8,1,"No",115,"No"
601,60,"Male",18.2,85.7,"Current smoker",5.9,5.9,1,"Yes",108.1,"No"
602,46,"Female",22.2,87.2,"Current smoker",8.6,5.9,1,"No",103.8,"No"
603,48,"Male",24.1,82.2,"Non-smoker",6,6.8,0,"No",101.4,"No"
604,54,"Male",21.6,92.8,"Current smoker",9.6,7.4,0,"No",104.1,"No"
605,43,"Female",29.9,101.3,"Non-smoker",3.3,5.9,1,"No",103.2,"No"
606,45,"Male",25.1,104.1,"Non-smoker",5.6,7.7,0,"No",78.7,"No"
607,41,"Female",21.2,97.4,"Non-smoker",7,8.2,0,"No",89.6,"No"
608,44,"Male",22.5,92.8,"Non-smoker",7.3,7.3,0,"No",82.2,"No"
609,35,"Female",20.2,78.8,"Non-smoker",9.9,8.5,0,"No",89.8,"No"
610,57,"Female",22.6,89.9,"Non-smoker",5.2,7.6,0,"No",99.3,"No"
611,55,"Male",28.9,98.3,"Current smoker",5.8,7.7,0,"No",113.6,"Yes"
612,39,"Male",20.7,89.6,"Non-smoker",8.3,9.3,0,"No",103.6,"No"
613,69,"Female",27,97.3,"Current smoker",3,5.4,1,"No",129.1,"Yes"
614,45,"Female",23.5,92.6,"Non-smoker",3.5,7.8,0,"No",116.8,"No"
615,44,"Male",17.9,83.9,"Current smoker",3.8,7.3,0,"Yes",98.6,"No"
616,30,"Male",21.4,90.7,"Current smoker",8,8.1,0,"No",95.2,"No"
617,48,"Female",17.9,87.9,"Current smoker",5.3,7.5,0,"Yes",101.8,"No"
618,37,"Male",32.1,106.4,"Current smoker",4.8,5,1,"Yes",121.1,"Yes"
619,52,"Male",25.5,96.3,"Non-smoker",4.2,6.2,0,"Yes",101.7,"Yes"
620,50,"Female",25.1,96.4,"Non-smoker",6.9,5.7,1,"No",107,"No"
621,58,"Female",24.6,83.9,"Non-smoker",5,5.7,1,"No",107.4,"No"
622,40,"Male",25.5,96.5,"Current smoker",4.6,5,1,"No",99.5,"Yes"
623,28,"Male",23.3,82.5,"Non-smoker",9.3,7.3,0,"No",83,"No"
624,53,"Male",22.9,90.8,"Current smoker",6.1,5.8,1,"No",101.8,"No"
625,53,"Male",21,101.6,"Current smoker",5.7,7,0,"No",106.9,"No"
626,63,"Male",23.8,104.3,"Current smoker",4,6.8,0,"Yes",117.9,"No"
627,46,"Female",24.1,97.3,"Non-smoker",11.3,6.9,0,"No",103.4,"No"
628,54,"Male",20.7,97,"Non-smoker",5.8,6.6,0,"Yes",102.1,"No"
629,54,"Female",25.1,97.2,"Non-smoker",7,6.6,0,"No",99.7,"No"
630,42,"Male",19.2,79.5,"Non-smoker",6.4,7,0,"No",73,"No"
631,29,"Female",25.5,96.3,"Current smoker",4.7,7.4,0,"No",97.1,"No"
632,40,"Female",24.2,90.7,"Non-smoker",4.5,5.8,1,"No",113.8,"No"
633,50,"Male",28.1,97,"Non-smoker",8,7.8,0,"No",107.9,"No"
634,50,"Male",24.5,102.2,"Current smoker",4.9,5.8,1,"Yes",111.2,"No"
635,32,"Male",26.6,99.1,"Current smoker",3.5,6.5,0,"Yes",116.5,"No"
636,47,"Female",30.3,100.8,"Current smoker",5.5,6.4,0,"Yes",119.2,"No"
637,35,"Female",25.8,97.1,"Non-smoker",6.6,6,0,"No",97.3,"No"
638,57,"Male",28,105.2,"Current smoker",3.3,6.2,0,"Yes",119.8,"No"
639,49,"Male",23.1,85.7,"Current smoker",8.6,8.4,0,"Yes",94.9,"No"
640,42,"Female",22.3,86.4,"Current smoker",9.5,7.3,0,"No",91.2,"No"
641,55,"Female",23.4,85,"Non-smoker",7.3,7.3,0,"No",91.1,"No"
642,38,"Female",20.8,91.1,"Non-smoker",8.7,8.4,0,"No",81.2,"No"
643,62,"Male",25.2,108,"Current smoker",2.7,7.2,0,"Yes",122.1,"No"
644,39,"Female",25.5,85.7,"Current smoker",6.1,7.1,0,"Yes",112.5,"Yes"
645,26,"Male",20.5,86.7,"Non-smoker",11.3,8.2,0,"No",92.5,"No"
646,37,"Female",24.3,88.4,"Non-smoker",3.9,7.1,0,"No",103.4,"No"
647,44,"Male",26.1,103.1,"Current smoker",6.3,7.5,0,"Yes",106.9,"No"
648,46,"Male",22.1,91,"Non-smoker",4.2,6.8,0,"No",91.9,"No"
649,38,"Female",20.3,84.1,"Non-smoker",7.7,7,0,"No",95.3,"No"
650,43,"Female",24.9,91.7,"Non-smoker",9,8.1,0,"Yes",103.4,"No"
651,51,"Male",19.1,79.2,"Current smoker",5.1,10,0,"Yes",96.7,"No"
652,51,"Female",29.5,96.5,"Current smoker",6.3,6.6,0,"Yes",110.7,"Yes"
653,49,"Male",24,91.4,"Current smoker",2.8,7.7,0,"Yes",107,"No"
654,37,"Male",20.4,81.4,"Current smoker",5.4,7.5,0,"No",90.6,"No"
655,51,"Male",22.7,91.8,"Current smoker",7.2,5.5,1,"Yes",106.4,"No"
656,65,"Female",27.5,92,"Non-smoker",6.3,5.5,1,"No",117.4,"No"
657,38,"Male",23.3,98.6,"Current smoker",2.3,7.9,0,"No",99,"No"
658,71,"Male",24.1,97.9,"Current smoker",4.8,6.4,0,"Yes",116.4,"Yes"
659,58,"Male",26.9,101.2,"Current smoker",3.8,7.2,0,"Yes",114.6,"No"
660,33,"Female",28.2,97.8,"Current smoker",6.8,6.2,0,"No",100.1,"No"
661,37,"Female",22.9,85.3,"Non-smoker",3.4,8.9,0,"No",90,"No"
662,44,"Female",26.6,97.4,"Non-smoker",4.1,7.7,0,"No",114.6,"No"
663,48,"Male",24.3,102.3,"Non-smoker",6.4,7.2,0,"Yes",113.5,"No"
664,37,"Female",25.4,88.8,"Non-smoker",5,5.6,1,"No",84.7,"No"
665,40,"Male",25.7,92.8,"Current smoker",3.2,5.9,1,"Yes",100.5,"No"
666,53,"Female",26.4,105.1,"Non-smoker",4.9,7.8,0,"No",98.3,"No"
667,51,"Female",25.3,92.2,"Non-smoker",7.4,6.9,0,"No",100,"No"
668,39,"Male",23,94.8,"Non-smoker",5.5,7.1,0,"No",90.5,"No"
669,42,"Female",25.8,98.4,"Non-smoker",7.4,6.5,0,"No",112.6,"No"
670,37,"Female",25.3,92.3,"Non-smoker",6,6.6,0,"No",89.8,"No"
671,18,"Female",26.1,83.4,"Non-smoker",7.4,6.1,0,"No",79,"No"
672,41,"Female",23.3,83.8,"Non-smoker",8.8,7.3,0,"No",89.2,"No"
673,40,"Male",25.7,91.6,"Non-smoker",7.5,5.7,1,"No",89.7,"Yes"
674,47,"Female",23.3,84.3,"Non-smoker",5.6,7.4,0,"No",109.4,"No"
675,36,"Male",25.4,105.4,"Non-smoker",4.3,7.1,0,"No",101.8,"No"
676,54,"Female",21.1,84.4,"Non-smoker",7.1,8.2,0,"Yes",104.3,"No"
677,31,"Female",32.1,100,"Non-smoker",7.1,6.8,0,"No",109.4,"No"
678,68,"Female",25.1,96,"Non-smoker",5.9,5.5,1,"Yes",112.8,"Yes"
679,34,"Female",24.1,82.7,"Current smoker",5,7.9,0,"No",80.8,"No"
680,53,"Female",19.5,80.3,"Current smoker",7.1,6.5,0,"No",93.2,"No"
681,71,"Female",24.2,93.1,"Current smoker",6.8,6.4,0,"Yes",99.5,"Yes"
682,40,"Female",25.4,86.7,"Non-smoker",4.8,6.2,0,"No",114.9,"No"
683,44,"Male",25.6,92.9,"Current smoker",8.7,7,0,"Yes",116.9,"No"
684,40,"Male",24.2,84.2,"Current smoker",7.1,7.4,0,"No",101.3,"No"
685,49,"Female",24,81.9,"Non-smoker",4.8,7.2,0,"No",113.1,"No"
686,55,"Male",26.1,102.8,"Non-smoker",4.6,6.1,0,"No",113.1,"No"
687,30,"Female",28,93,"Non-smoker",6.2,7,0,"No",116.1,"No"
688,36,"Male",21.9,92.3,"Non-smoker",8.2,8.3,0,"No",77.9,"No"
689,31,"Female",23.7,72.7,"Non-smoker",7.5,7.7,0,"No",77.1,"No"
690,53,"Male",20.5,87.4,"Current smoker",9,7.4,0,"No",92.3,"No"
691,52,"Female",22.6,93.5,"Non-smoker",6.9,8.8,0,"Yes",94.3,"Yes"
692,39,"Female",19.8,78,"Non-smoker",3.9,8.9,0,"No",69,"No"
693,36,"Male",21.8,97.2,"Current smoker",4.6,7.9,0,"No",114.8,"No"
694,28,"Male",28.7,100,"Current smoker",9.6,6,0,"Yes",102,"Yes"
695,56,"Male",28.1,103.6,"Non-smoker",6.2,5.6,1,"No",98.3,"No"
696,39,"Female",22.5,86.6,"Non-smoker",9.2,9.1,0,"No",81.3,"No"
697,57,"Male",25.4,99.8,"Current smoker",6.2,5.5,1,"No",106.8,"No"
698,72,"Female",25.4,97.3,"Non-smoker",3.7,7.1,0,"Yes",119.5,"No"
699,64,"Male",32.9,107.8,"Current smoker",3.4,8.3,0,"No",104.8,"No"
700,38,"Female",19.5,83.6,"Non-smoker",6.3,6.8,0,"No",74.6,"No"
701,62,"Male",23.3,89.8,"Current smoker",3,8.1,0,"Yes",126.6,"No"
702,40,"Female",25.5,96.9,"Non-smoker",8.1,6.4,0,"Yes",118.7,"No"
703,51,"Female",21.4,93.1,"Current smoker",4.2,6.6,0,"No",103.6,"Yes"
704,50,"Female",24.4,93.8,"Non-smoker",8.1,6.7,0,"No",106.7,"No"
705,55,"Male",20.6,84.9,"Non-smoker",9,7.4,0,"Yes",103.2,"No"
706,48,"Male",23.8,91.9,"Current smoker",7.2,6.6,0,"Yes",107.1,"No"
707,51,"Male",28.4,93.9,"Current smoker",4.5,5.7,1,"Yes",127.4,"No"
708,56,"Female",24.5,97.8,"Non-smoker",0,7.4,0,"Yes",116.2,"No"
709,23,"Male",24.8,91.7,"Current smoker",6.6,7.9,0,"No",105.1,"No"
710,45,"Male",24.1,97.2,"Current smoker",7.1,7.3,0,"No",103.7,"Yes"
711,53,"Female",20.7,83.9,"Non-smoker",7.9,8.2,0,"No",87.5,"No"
712,50,"Male",16,78.1,"Current smoker",9.1,7.1,0,"No",88.2,"No"
713,50,"Male",25.9,95.2,"Current smoker",8.4,7,0,"Yes",118.3,"No"
714,69,"Female",20.7,88.2,"Current smoker",7.7,9.5,0,"Yes",104.6,"No"
715,46,"Female",16,74.7,"Non-smoker",7.2,5.6,1,"No",85.4,"No"
716,49,"Male",23.7,95,"Non-smoker",8.3,6.3,0,"No",103.4,"No"
717,47,"Female",20.2,81.1,"Non-smoker",4.6,8.4,0,"No",95.8,"Yes"
718,75,"Female",24.6,93.2,"Current smoker",5,7,0,"Yes",122.6,"Yes"
719,41,"Male",23.1,101.4,"Current smoker",7.1,7.3,0,"No",88.1,"No"
720,61,"Female",24.9,93.9,"Non-smoker",6.4,5.3,1,"Yes",110.2,"No"
721,62,"Female",28.5,100.8,"Non-smoker",4.6,6.2,0,"No",108.8,"No"
722,39,"Male",20.5,89.4,"Non-smoker",8.3,7.6,0,"No",80,"No"
723,63,"Female",27.2,98.8,"Non-smoker",5.4,6.8,0,"No",106,"No"
724,55,"Male",24,101.2,"Non-smoker",4.3,6.6,0,"No",82,"No"
725,60,"Male",22,96.2,"Non-smoker",9.2,7.4,0,"No",102.2,"No"
726,27,"Male",21.9,81.2,"Current smoker",6.1,7.5,0,"No",90.3,"No"
727,39,"Female",22.4,90.9,"Non-smoker",5.9,8.6,0,"No",81.5,"No"
728,43,"Male",22,89.2,"Current smoker",7.9,9.2,0,"No",102.4,"No"
729,50,"Male",19.2,90.1,"Non-smoker",5.8,7.2,0,"Yes",97.4,"No"
730,47,"Female",22.2,85.3,"Non-smoker",4.7,6.4,0,"No",99.2,"No"
731,46,"Female",26.4,89.4,"Current smoker",10.1,7.9,0,"Yes",116.6,"No"
732,55,"Female",23.1,87.2,"Non-smoker",7.2,6.7,0,"No",106.4,"No"
733,59,"Female",21.5,83.9,"Non-smoker",4.1,6.7,0,"No",88.7,"No"
734,68,"Male",26.3,100.9,"Current smoker",3.9,5.5,1,"Yes",119.6,"Yes"
735,55,"Female",20.9,84.9,"Non-smoker",6.5,7.1,0,"No",102.6,"No"
736,34,"Female",21.7,79.3,"Current smoker",7.4,7.3,0,"No",91.6,"No"
737,32,"Female",25.5,94.5,"Non-smoker",5.2,5.9,1,"No",113.2,"Yes"
738,64,"Female",22.4,93.1,"Current smoker",6,8.6,0,"Yes",94.4,"No"
739,43,"Male",24.8,94.8,"Current smoker",2.7,6,0,"Yes",107,"No"
740,52,"Female",20,76,"Current smoker",5.4,7.8,0,"No",79.9,"No"
741,53,"Female",22,83.1,"Non-smoker",4.1,6.8,0,"Yes",122.8,"No"
742,56,"Female",28.4,101.6,"Current smoker",4.3,6.3,0,"No",99.8,"Yes"
743,43,"Male",24,93.9,"Current smoker",7,6.6,0,"No",99.9,"No"
744,44,"Female",27.8,100.7,"Current smoker",8.9,5.2,1,"Yes",108.4,"No"
745,53,"Male",20.3,87.2,"Current smoker",6.7,8.6,0,"Yes",104.3,"No"
746,39,"Female",20.6,82.7,"Non-smoker",7.4,8.1,0,"No",81.5,"No"
747,45,"Female",24.2,83.1,"Current smoker",4.7,8.2,0,"Yes",99.4,"No"
748,41,"Male",28,106.9,"Current smoker",7.3,6.9,0,"No",86.2,"No"
749,35,"Female",21,83.8,"Non-smoker",7.8,6.2,0,"No",89.6,"Yes"
750,50,"Female",22.3,87.8,"Current smoker",7.6,6.8,0,"No",106,"No"
751,53,"Male",27.8,94,"Non-smoker",2.7,6.9,0,"No",116.1,"No"
752,49,"Male",26.5,102.5,"Current smoker",5.1,4.4,1,"Yes",116.8,"No"
753,52,"Male",23.7,87.2,"Current smoker",4.8,6,0,"Yes",121.3,"Yes"
754,47,"Female",24,104.6,"Current smoker",2.4,7,0,"No",106,"No"
755,46,"Male",27.4,103.3,"Non-smoker",5.6,5.9,1,"No",116.8,"No"
756,29,"Female",31.8,94.8,"Current smoker",4.4,5.9,1,"No",110.8,"No"
757,63,"Male",24.9,96.4,"Current smoker",3.5,6.7,0,"Yes",124,"No"
758,65,"Male",26.6,101.3,"Non-smoker",4.2,5.5,1,"No",117.9,"No"
759,58,"Male",25.1,98.7,"Current smoker",5.5,6,0,"No",97,"No"
760,55,"Male",26.5,101.3,"Non-smoker",2.9,7.9,0,"Yes",105,"No"
761,49,"Female",26.8,94.8,"Non-smoker",6.7,6.4,0,"Yes",115.2,"Yes"
762,43,"Male",25,94.1,"Current smoker",5.8,8.7,0,"Yes",110.2,"No"
763,50,"Female",26,95.4,"Non-smoker",8.9,6.8,0,"No",107.2,"No"
764,41,"Female",26.6,94.2,"Non-smoker",6.2,8.9,0,"No",99,"No"
765,56,"Male",29.9,102.5,"Current smoker",1.2,6,0,"Yes",119.1,"No"
766,53,"Male",29.1,103.1,"Current smoker",5.6,5.2,1,"Yes",132.3,"Yes"
767,48,"Female",17.8,80.6,"Non-smoker",5.5,7.8,0,"No",112.7,"No"
768,45,"Female",22.1,85.2,"Current smoker",2.6,7.4,0,"No",106.8,"No"
769,52,"Male",34.6,109.8,"Current smoker",6.7,6.3,0,"Yes",112.5,"No"
770,57,"Male",27.8,107.4,"Non-smoker",4.4,6.6,0,"Yes",124.4,"No"
771,65,"Male",17.1,87,"Non-smoker",2.5,6.7,0,"No",113.9,"No"
772,32,"Male",25.8,99.2,"Current smoker",7.1,7.2,0,"No",103.6,"No"
773,41,"Male",23.6,96.9,"Current smoker",7.2,5.7,1,"No",115,"No"
774,69,"Female",30.2,109,"Current smoker",3.7,5.5,1,"Yes",136.4,"Yes"
775,46,"Male",22.2,96,"Non-smoker",8.2,8.9,0,"No",87.6,"No"
776,67,"Male",22.9,89.1,"Current smoker",4.4,6.7,0,"Yes",117.3,"Yes"
777,38,"Male",30.8,98.1,"Current smoker",4.9,6.3,0,"Yes",120.7,"No"
778,62,"Female",21.9,87.3,"Current smoker",6.4,7.9,0,"No",94,"No"
779,38,"Male",22.3,95.3,"Current smoker",7.5,9.9,0,"No",76.1,"No"
780,38,"Female",20.1,85.4,"Non-smoker",11.2,8.1,0,"Yes",88.5,"No"
781,52,"Female",20.8,91.6,"Non-smoker",4.8,7,0,"Yes",99.5,"No"
782,45,"Male",19.2,85.3,"Current smoker",6.8,8.3,0,"No",89.6,"No"
783,35,"Female",26.3,87.5,"Non-smoker",7.3,6.6,0,"No",99,"No"
784,35,"Male",22.6,85,"Current smoker",4.1,7.4,0,"No",99.8,"No"
785,52,"Male",28.6,110.4,"Non-smoker",1.5,4.1,1,"Yes",115.8,"Yes"
786,35,"Female",22.9,95.4,"Non-smoker",5.5,6.5,0,"No",98.2,"No"
787,60,"Male",24.7,93.6,"Current smoker",10.1,7.1,0,"Yes",112.6,"No"
788,64,"Male",21.6,89.8,"Non-smoker",4.4,5.8,1,"No",103.5,"Yes"
789,34,"Male",26.3,108.3,"Current smoker",6.5,6.5,0,"No",108.9,"No"
790,27,"Male",30.8,99.4,"Current smoker",8.1,6.2,0,"Yes",123.3,"No"
791,22,"Male",25.6,90.2,"Non-smoker",7.1,6.9,0,"No",83.6,"No"
792,57,"Female",27.7,92,"Non-smoker",7,5.6,1,"No",97.7,"No"
793,35,"Male",24.3,87.9,"Current smoker",5.1,6.6,0,"No",107,"No"
794,60,"Male",24.5,94.4,"Non-smoker",6.4,7.6,0,"No",97.9,"No"
795,45,"Female",21.3,94.1,"Non-smoker",3.7,6.9,0,"No",96.5,"No"
796,32,"Male",20.7,85.7,"Non-smoker",8.5,9.8,0,"No",81.4,"No"
797,37,"Male",18.1,75.8,"Non-smoker",5,6.8,0,"No",99.8,"No"
798,49,"Male",20.8,92.8,"Non-smoker",7.2,7.5,0,"Yes",90.8,"Yes"
799,72,"Male",27,93.1,"Current smoker",6,7,0,"Yes",132.2,"Yes"
800,52,"Male",26.6,96.3,"Non-smoker",4.6,7.5,0,"Yes",123.3,"No"
